"","Method","Participant","Day","Metric","Trial","Value"
"1","SHORT","P22","D1","Net Force at 100ms [N]","Trial 1",680.097129845526
"2","SHORT","P25","D1","Net Force at 100ms [N]","Trial 2",685.949603549857
"3","SHORT","P17","D1","Net Force at 100ms [N]","Trial 3",877.369595309719
"4","SHORT","P2","D1","Net Force at 100ms [N]","Trial 4",561.147982381145
"5","SHORT","P12","D1","Net Force at 100ms [N]","Trial 5",600.805024317652
"6","SHORT","P23","D1","Net Peak Vertical Force [N]","Trial 1",2433.28304286115
"7","SHORT","P1","D1","Net Peak Vertical Force [N]","Trial 2",2399.05544564081
"8","SHORT","P15","D1","Net Peak Vertical Force [N]","Trial 3",2496.8056750576
"9","SHORT","P32","D1","Net Peak Vertical Force [N]","Trial 4",2276.08231764687
"10","SHORT","P10","D1","Net Peak Vertical Force [N]","Trial 5",2582.01319039054
"11","TRAD","P15","D1","Net Force at 100ms [N]","Trial 1",805.071575779421
"12","TRAD","P31","D1","Net Peak Vertical Force [N]","Trial 1",2725.07532883901
"13","TRAD","P23","D1","Net Force at 100ms [N]","Trial 2",46.5861756926868
"14","TRAD","P15","D1","Net Peak Vertical Force [N]","Trial 2",2771.78141484689
"15","TRAD","P25","D1","Net Force at 100ms [N]","Trial 3",577.891672396567
"16","TRAD","P27","D1","Net Peak Vertical Force [N]","Trial 3",2723.49282030147
"17","SHORT","P24","D2","Net Force at 100ms [N]","Trial 1",649.883487650752
"18","SHORT","P8","D2","Net Force at 100ms [N]","Trial 2",204.848760766536
"19","SHORT","P14","D2","Net Force at 100ms [N]","Trial 3",533.03722083373
"20","SHORT","P2","D2","Net Force at 100ms [N]","Trial 4",203.864041569829
"21","SHORT","P25","D2","Net Force at 100ms [N]","Trial 5",736.855978412554
"22","SHORT","P17","D2","Net Peak Vertical Force [N]","Trial 1",2530.73170857187
"23","SHORT","P19","D2","Net Peak Vertical Force [N]","Trial 2",2453.73899370404
"24","SHORT","P8","D2","Net Peak Vertical Force [N]","Trial 3",2755.93279291573
"25","SHORT","P15","D2","Net Peak Vertical Force [N]","Trial 4",2464.13923005783
"26","SHORT","P27","D2","Net Peak Vertical Force [N]","Trial 5",2737.10116498563
"27","TRAD","P5","D2","Net Force at 100ms [N]","Trial 1",410.921961164987
"28","TRAD","P19","D2","Net Peak Vertical Force [N]","Trial 1",2572.76747178524
"29","TRAD","P30","D2","Net Force at 100ms [N]","Trial 2",662.974631952029
"30","TRAD","P24","D2","Net Peak Vertical Force [N]","Trial 2",2482.2255750021
"31","TRAD","P20","D2","Net Force at 100ms [N]","Trial 3",782.894041991606
"32","TRAD","P3","D2","Net Peak Vertical Force [N]","Trial 3",2536.67365318919
"33","SHORT","P8","D1","Net Force at 100ms [N]","Trial 1",629.374066614686
"34","SHORT","P13","D1","Net Force at 100ms [N]","Trial 2",578.466272415221
"35","SHORT","P26","D1","Net Force at 100ms [N]","Trial 3",695.247352237254
"36","SHORT","P28","D1","Net Force at 100ms [N]","Trial 4",684.600146973366
"37","SHORT","P1","D1","Net Force at 100ms [N]","Trial 5",262.865098648192
"38","SHORT","P16","D1","Net Peak Vertical Force [N]","Trial 1",2276.72241304591
"39","SHORT","P2","D1","Net Peak Vertical Force [N]","Trial 2",2209.90959206689
"40","SHORT","P1","D1","Net Peak Vertical Force [N]","Trial 3",2376.26376266051
"41","SHORT","P28","D1","Net Peak Vertical Force [N]","Trial 4",2773.97220730595
"42","SHORT","P24","D1","Net Peak Vertical Force [N]","Trial 5",2204.69887443208
"43","TRAD","P6","D1","Net Force at 100ms [N]","Trial 1",379.63504418917
"44","TRAD","P5","D1","Net Force at 100ms [N]","Trial 2",138.359245518129
"45","TRAD","P30","D1","Net Force at 100ms [N]","Trial 3",490.754677701462
"46","TRAD","P3","D1","Net Peak Vertical Force [N]","Trial 1",3223.70410468634
"47","TRAD","P23","D1","Net Peak Vertical Force [N]","Trial 2",3138.00717603467
"48","TRAD","P21","D1","Net Peak Vertical Force [N]","Trial 3",2748.49227374867
"49","SHORT","P25","D2","Net Force at 100ms [N]","Trial 1",706.459116850188
"50","SHORT","P31","D2","Net Force at 100ms [N]","Trial 2",523.157349608839
"51","SHORT","P18","D2","Net Force at 100ms [N]","Trial 3",645.523550887406
"52","SHORT","P20","D2","Net Force at 100ms [N]","Trial 4",583.639747079462
"53","SHORT","P16","D2","Net Force at 100ms [N]","Trial 5",556.864658760279
"54","SHORT","P3","D2","Net Peak Vertical Force [N]","Trial 1",2109.59245683923
"55","SHORT","P4","D2","Net Peak Vertical Force [N]","Trial 2",2418.61009464492
"56","SHORT","P25","D2","Net Peak Vertical Force [N]","Trial 3",2450.68642547503
"57","SHORT","P10","D2","Net Peak Vertical Force [N]","Trial 4",2153.08644564548
"58","SHORT","P25","D2","Net Peak Vertical Force [N]","Trial 5",2369.38539844891
"59","TRAD","P16","D2","Net Force at 100ms [N]","Trial 1",515.908277266286
"60","TRAD","P4","D2","Net Force at 100ms [N]","Trial 2",404.553427235317
"61","TRAD","P22","D2","Net Force at 100ms [N]","Trial 3",195.616819676757
"62","TRAD","P25","D2","Net Peak Vertical Force [N]","Trial 1",3381.07653824417
"63","TRAD","P25","D2","Net Peak Vertical Force [N]","Trial 2",3458.34221208915
"64","TRAD","P32","D2","Net Peak Vertical Force [N]","Trial 3",3423.95171179166
"65","SHORT","P29","D1","Net Force at 100ms [N]","Trial 1",241.160994268209
"66","SHORT","P3","D1","Net Force at 100ms [N]","Trial 2",325.929526884109
"67","SHORT","P26","D1","Net Force at 100ms [N]","Trial 3",540.968909223564
"68","SHORT","P2","D1","Net Force at 100ms [N]","Trial 4",407.272614632733
"69","SHORT","P7","D1","Net Force at 100ms [N]","Trial 5",477.375082952343
"70","SHORT","P5","D1","Net Peak Vertical Force [N]","Trial 1",1585.22123886431
"71","SHORT","P26","D1","Net Peak Vertical Force [N]","Trial 2",1591.220264557
"72","SHORT","P7","D1","Net Peak Vertical Force [N]","Trial 3",1519.95254311245
"73","SHORT","P7","D1","Net Peak Vertical Force [N]","Trial 4",1601.19590251073
"74","SHORT","P1","D1","Net Peak Vertical Force [N]","Trial 5",1293.40554512702
"75","TRAD","P2","D1","Net Force at 100ms [N]","Trial 1",308.104333779775
"76","TRAD","P13","D1","Net Peak Vertical Force [N]","Trial 1",1745.37961846148
"77","TRAD","P17","D1","Net Force at 100ms [N]","Trial 2",255.153887733445
"78","TRAD","P10","D1","Net Peak Vertical Force [N]","Trial 2",1685.53588472391
"79","TRAD","P6","D1","Net Force at 100ms [N]","Trial 3",399.3047216204
"80","TRAD","P22","D1","Net Peak Vertical Force [N]","Trial 3",1939.15103067709
"81","SHORT","P7","D2","Net Force at 100ms [N]","Trial 1",209.910847512726
"82","SHORT","P32","D2","Net Force at 100ms [N]","Trial 2",297.637931364682
"83","SHORT","P22","D2","Net Force at 100ms [N]","Trial 3",391.657250971301
"84","SHORT","P17","D2","Net Force at 100ms [N]","Trial 4",407.78689680174
"85","SHORT","P30","D2","Net Force at 100ms [N]","Trial 5",299.024799787626
"86","SHORT","P32","D2","Net Peak Vertical Force [N]","Trial 1",1453.95348705081
"87","SHORT","P3","D2","Net Peak Vertical Force [N]","Trial 2",1588.13019907847
"88","SHORT","P13","D2","Net Peak Vertical Force [N]","Trial 3",1469.88178291698
"89","SHORT","P27","D2","Net Peak Vertical Force [N]","Trial 4",1703.77481576242
"90","SHORT","P20","D2","Net Peak Vertical Force [N]","Trial 5",1639.89585366799
"91","TRAD","P1","D2","Net Force at 100ms [N]","Trial 1",126.412638535537
"92","TRAD","P21","D2","Net Peak Vertical Force [N]","Trial 1",1990.48083979078
"93","TRAD","P5","D2","Net Force at 100ms [N]","Trial 2",211.161510180077
"94","TRAD","P12","D2","Net Peak Vertical Force [N]","Trial 2",2185.61581169232
"95","TRAD","P5","D2","Net Force at 100ms [N]","Trial 3",252.686685689539
"96","TRAD","P28","D2","Net Peak Vertical Force [N]","Trial 3",2092.69643373569
"97","SHORT","P13","D1","Net Force at 100ms [N]","Trial 1",522.636522847973
"98","SHORT","P15","D1","Net Force at 100ms [N]","Trial 2",438.288901653141
"99","SHORT","P2","D1","Net Force at 100ms [N]","Trial 3",459.911577252299
"100","SHORT","P27","D1","Net Force at 100ms [N]","Trial 4",523.61039295611
"101","SHORT","P16","D1","Net Force at 100ms [N]","Trial 5",396.060473138466
"102","SHORT","P3","D1","Net Peak Vertical Force [N]","Trial 1",1425.58224890786
"103","SHORT","P14","D1","Net Peak Vertical Force [N]","Trial 2",1340.99322922528
"104","SHORT","P23","D1","Net Peak Vertical Force [N]","Trial 3",1270.90094442246
"105","SHORT","P12","D1","Net Peak Vertical Force [N]","Trial 4",1296.00052698422
"106","SHORT","P19","D1","Net Peak Vertical Force [N]","Trial 5",1210.32139005717
"107","TRAD","P10","D1","Net Force at 100ms [N]","Trial 1",459.297338646138
"108","TRAD","P7","D1","Net Peak Vertical Force [N]","Trial 1",1440.25101896473
"109","TRAD","P27","D1","Net Force at 100ms [N]","Trial 2",383.182991305226
"110","TRAD","P31","D1","Net Peak Vertical Force [N]","Trial 2",1586.64034321122
"111","TRAD","P14","D1","Net Force at 100ms [N]","Trial 3",543.230654024519
"112","TRAD","P18","D1","Net Peak Vertical Force [N]","Trial 3",1812.91019793693
"113","SHORT","P18","D2","Net Force at 100ms [N]","Trial 1",549.431694444269
"114","SHORT","P9","D2","Net Force at 100ms [N]","Trial 2",515.003079738468
"115","SHORT","P20","D2","Net Force at 100ms [N]","Trial 3",392.307160140062
"116","SHORT","P12","D2","Net Force at 100ms [N]","Trial 4",395.19787684381
"117","SHORT","P27","D2","Net Force at 100ms [N]","Trial 5",383.967203007406
"118","SHORT","P28","D2","Net Peak Vertical Force [N]","Trial 1",1684.38953999206
"119","SHORT","P13","D2","Net Peak Vertical Force [N]","Trial 2",1573.46938536912
"120","SHORT","P27","D2","Net Peak Vertical Force [N]","Trial 3",1485.63393099234
"121","SHORT","P1","D2","Net Peak Vertical Force [N]","Trial 4",1753.36149161467
"122","SHORT","P29","D2","Net Peak Vertical Force [N]","Trial 5",1399.91618814031
"123","TRAD","P11","D2","Net Force at 100ms [N]","Trial 1",59.6450736969709
"124","TRAD","P23","D2","Net Force at 100ms [N]","Trial 2",355.263850909192
"125","TRAD","P29","D2","Net Force at 100ms [N]","Trial 3",479.963296283176
"126","TRAD","P11","D2","Net Peak Vertical Force [N]","Trial 1",1393.93435526267
"127","TRAD","P18","D2","Net Peak Vertical Force [N]","Trial 2",1510.24543575784
"128","TRAD","P14","D2","Net Peak Vertical Force [N]","Trial 3",1798.67059316542
"129","SHORT","P8","D1","Net Force at 100ms [N]","Trial 1",278.373251123633
"130","SHORT","P8","D1","Net Force at 100ms [N]","Trial 2",1135.51820221776
"131","SHORT","P25","D1","Net Force at 100ms [N]","Trial 3",1018.85802969453
"132","SHORT","P23","D1","Net Force at 100ms [N]","Trial 4",592.578935522027
"133","SHORT","P31","D1","Net Force at 100ms [N]","Trial 5",886.412180832401
"134","SHORT","P10","D1","Net Peak Vertical Force [N]","Trial 1",1867.58559448062
"135","SHORT","P18","D1","Net Peak Vertical Force [N]","Trial 2",1683.09525919715
"136","SHORT","P14","D1","Net Peak Vertical Force [N]","Trial 3",2055.89557978367
"137","SHORT","P9","D1","Net Peak Vertical Force [N]","Trial 4",1634.25338555099
"138","SHORT","P4","D1","Net Peak Vertical Force [N]","Trial 5",1923.44595633056
"139","TRAD","P31","D1","Net Force at 100ms [N]","Trial 1",620.8331769499
"140","TRAD","P21","D1","Net Peak Vertical Force [N]","Trial 1",1691.39200251829
"141","TRAD","P28","D1","Net Force at 100ms [N]","Trial 2",938.855819794442
"142","TRAD","P26","D1","Net Peak Vertical Force [N]","Trial 2",1844.85666881697
"143","TRAD","P14","D1","Net Force at 100ms [N]","Trial 3",849.357241018861
"144","TRAD","P29","D1","Net Peak Vertical Force [N]","Trial 3",1853.26754889004
"145","SHORT","P11","D2","Net Force at 100ms [N]","Trial 1",834.370072930679
"146","SHORT","P27","D2","Net Force at 100ms [N]","Trial 2",314.687890073983
"147","SHORT","P23","D2","Net Force at 100ms [N]","Trial 3",908.180746740941
"148","SHORT","P5","D2","Net Force at 100ms [N]","Trial 4",984.692784056999
"149","SHORT","P2","D2","Net Force at 100ms [N]","Trial 5",972.340452055633
"150","SHORT","P9","D2","Net Peak Vertical Force [N]","Trial 1",1923.69625627305
"151","SHORT","P32","D2","Net Peak Vertical Force [N]","Trial 2",1848.64547953103
"152","SHORT","P3","D2","Net Peak Vertical Force [N]","Trial 3",1892.57126172967
"153","SHORT","P31","D2","Net Peak Vertical Force [N]","Trial 4",1768.29212701237
"154","SHORT","P5","D2","Net Peak Vertical Force [N]","Trial 5",1707.25422269944
"155","TRAD","P3","D2","Net Force at 100ms [N]","Trial 1",587.068325677328
"156","TRAD","P22","D2","Net Force at 100ms [N]","Trial 2",725.52733698599
"157","TRAD","P27","D2","Net Force at 100ms [N]","Trial 3",763.61226005014
"158","TRAD","P1","D2","Net Peak Vertical Force [N]","Trial 1",1747.71608467335
"159","TRAD","P28","D2","Net Peak Vertical Force [N]","Trial 2",1886.3001621007
"160","TRAD","P8","D2","Net Peak Vertical Force [N]","Trial 3",1908.00115479031
"161","SHORT","P3","D1","Net Force at 100ms [N]","Trial 1",513.096393614775
"162","SHORT","P28","D1","Net Force at 100ms [N]","Trial 2",695.662629230088
"163","SHORT","P5","D1","Net Force at 100ms [N]","Trial 3",643.394814968109
"164","SHORT","P19","D1","Net Force at 100ms [N]","Trial 4",646.989233569056
"165","SHORT","P17","D1","Net Force at 100ms [N]","Trial 5",546.155865749437
"166","SHORT","P27","D1","Net Peak Vertical Force [N]","Trial 1",1760.59089714084
"167","SHORT","P6","D1","Net Peak Vertical Force [N]","Trial 2",1774.58612702843
"168","SHORT","P11","D1","Net Peak Vertical Force [N]","Trial 3",1919.29060106464
"169","SHORT","P21","D1","Net Peak Vertical Force [N]","Trial 4",1703.20325825196
"170","SHORT","P21","D1","Net Peak Vertical Force [N]","Trial 5",1755.97472356493
"171","TRAD","P11","D1","Net Force at 100ms [N]","Trial 1",529.801893504616
"172","TRAD","P24","D1","Net Force at 100ms [N]","Trial 2",555.712340557948
"173","TRAD","P10","D1","Net Force at 100ms [N]","Trial 3",622.553357560001
"174","TRAD","P31","D1","Net Peak Vertical Force [N]","Trial 1",1944.23890192644
"175","TRAD","P30","D1","Net Peak Vertical Force [N]","Trial 2",2277.19648218411
"176","TRAD","P4","D1","Net Peak Vertical Force [N]","Trial 3",2275.46694513503
"177","SHORT","P6","D2","Net Force at 100ms [N]","Trial 1",651.112881422974
"178","SHORT","P4","D2","Net Force at 100ms [N]","Trial 2",699.794686641544
"179","SHORT","P6","D2","Net Force at 100ms [N]","Trial 3",534.908470959961
"180","SHORT","P7","D2","Net Force at 100ms [N]","Trial 4",670.291539874393
"181","SHORT","P11","D2","Net Force at 100ms [N]","Trial 5",593.264299662039
"182","SHORT","P32","D2","Net Peak Vertical Force [N]","Trial 1",1557.37341767107
"183","SHORT","P20","D2","Net Peak Vertical Force [N]","Trial 2",1920.17574333362
"184","SHORT","P28","D2","Net Peak Vertical Force [N]","Trial 3",1791.82222959655
"185","SHORT","P31","D2","Net Peak Vertical Force [N]","Trial 4",1908.36129048467
"186","SHORT","P1","D2","Net Peak Vertical Force [N]","Trial 5",1768.33123749215
"187","TRAD","P25","D2","Net Force at 100ms [N]","Trial 1",732.339791004499
"188","TRAD","P13","D2","Net Force at 100ms [N]","Trial 2",598.904531291127
"189","TRAD","P28","D2","Net Force at 100ms [N]","Trial 3",596.644065085566
"190","TRAD","P25","D2","Net Peak Vertical Force [N]","Trial 1",2045.36985974852
"191","TRAD","P14","D2","Net Peak Vertical Force [N]","Trial 2",2204.5183252045
"192","TRAD","P14","D2","Net Peak Vertical Force [N]","Trial 3",2386.75314682471
"193","SHORT","P10","D1","Net Force at 100ms [N]","Trial 1",373.697218161309
"194","SHORT","P2","D1","Net Force at 100ms [N]","Trial 2",494.519306810154
"195","SHORT","P11","D1","Net Force at 100ms [N]","Trial 3",371.620591982268
"196","SHORT","P15","D1","Net Force at 100ms [N]","Trial 4",486.154355828976
"197","SHORT","P29","D1","Net Force at 100ms [N]","Trial 5",392.53637404684
"198","SHORT","P13","D1","Net Peak Vertical Force [N]","Trial 1",1383.98466716171
"199","SHORT","P17","D1","Net Peak Vertical Force [N]","Trial 2",1664.76326141581
"200","SHORT","P1","D1","Net Peak Vertical Force [N]","Trial 3",1538.76361458004
"201","SHORT","P21","D1","Net Peak Vertical Force [N]","Trial 4",1435.05241515972
"202","SHORT","P19","D1","Net Peak Vertical Force [N]","Trial 5",1650.28550302237
"203","TRAD","P16","D1","Net Force at 100ms [N]","Trial 1",184.460273215361
"204","TRAD","P22","D1","Net Force at 100ms [N]","Trial 2",336.932989432802
"205","TRAD","P11","D1","Net Force at 100ms [N]","Trial 3",337.813695609476
"206","TRAD","P29","D1","Net Peak Vertical Force [N]","Trial 1",1012.30745909102
"207","TRAD","P12","D1","Net Peak Vertical Force [N]","Trial 2",1350.47949912772
"208","TRAD","P4","D1","Net Peak Vertical Force [N]","Trial 3",1371.00004467256
"209","SHORT","P32","D2","Net Force at 100ms [N]","Trial 1",382.336397088692
"210","SHORT","P3","D2","Net Force at 100ms [N]","Trial 2",255.252602803381
"211","SHORT","P30","D2","Net Force at 100ms [N]","Trial 3",369.749667600263
"212","SHORT","P9","D2","Net Force at 100ms [N]","Trial 4",304.633243827149
"213","SHORT","P4","D2","Net Force at 100ms [N]","Trial 5",374.584399305843
"214","SHORT","P3","D2","Net Peak Vertical Force [N]","Trial 1",1221.77939249254
"215","SHORT","P7","D2","Net Peak Vertical Force [N]","Trial 2",1144.46268122951
"216","SHORT","P28","D2","Net Peak Vertical Force [N]","Trial 3",1350.52139243763
"217","SHORT","P12","D2","Net Peak Vertical Force [N]","Trial 4",1249.33290408463
"218","SHORT","P14","D2","Net Peak Vertical Force [N]","Trial 5",1412.515065342
"219","TRAD","P12","D2","Net Force at 100ms [N]","Trial 1",340.254305610713
"220","TRAD","P1","D2","Net Force at 100ms [N]","Trial 2",426.748103691498
"221","TRAD","P1","D2","Net Force at 100ms [N]","Trial 3",414.239308354072
"222","TRAD","P4","D2","Net Peak Vertical Force [N]","Trial 1",1299.90570826838
"223","TRAD","P27","D2","Net Peak Vertical Force [N]","Trial 2",1332.67305339873
"224","TRAD","P21","D2","Net Peak Vertical Force [N]","Trial 3",1309.75991746504
"225","SHORT","P6","D1","Net Force at 100ms [N]","Trial 1",548.039735199139
"226","SHORT","P27","D1","Net Force at 100ms [N]","Trial 2",701.95457864888
"227","SHORT","P12","D1","Net Force at 100ms [N]","Trial 3",832.255316664698
"228","SHORT","P13","D1","Net Force at 100ms [N]","Trial 4",794.825736598391
"229","SHORT","P4","D1","Net Force at 100ms [N]","Trial 5",701.762768702116
"230","SHORT","P30","D1","Net Peak Vertical Force [N]","Trial 1",1273.36930797477
"231","SHORT","P12","D1","Net Peak Vertical Force [N]","Trial 2",1267.73245185041
"232","SHORT","P29","D1","Net Peak Vertical Force [N]","Trial 3",1515.62713248213
"233","SHORT","P22","D1","Net Peak Vertical Force [N]","Trial 4",1430.99596973527
"234","SHORT","P29","D1","Net Peak Vertical Force [N]","Trial 5",1499.05421682186
"235","TRAD","P7","D1","Net Force at 100ms [N]","Trial 1",418.445352557395
"236","TRAD","P20","D1","Net Force at 100ms [N]","Trial 2",602.635961226979
"237","TRAD","P1","D1","Net Force at 100ms [N]","Trial 3",734.991440298548
"238","TRAD","P23","D1","Net Peak Vertical Force [N]","Trial 1",1291.61493305047
"239","TRAD","P17","D1","Net Peak Vertical Force [N]","Trial 2",1566.44348310786
"240","TRAD","P30","D1","Net Peak Vertical Force [N]","Trial 3",1287.21793250763
"241","SHORT","P18","D2","Net Force at 100ms [N]","Trial 1",845.472688951343
"242","SHORT","P3","D2","Net Force at 100ms [N]","Trial 2",828.702013172442
"243","SHORT","P22","D2","Net Force at 100ms [N]","Trial 3",764.87492864253
"244","SHORT","P16","D2","Net Force at 100ms [N]","Trial 4",633.334017441049
"245","SHORT","P21","D2","Net Force at 100ms [N]","Trial 5",671.351193124149
"246","SHORT","P22","D2","Net Peak Vertical Force [N]","Trial 1",1493.77479309719
"247","SHORT","P5","D2","Net Peak Vertical Force [N]","Trial 2",1428.61030616323
"248","SHORT","P8","D2","Net Peak Vertical Force [N]","Trial 3",1462.70263106329
"249","SHORT","P4","D2","Net Peak Vertical Force [N]","Trial 4",1605.95452600196
"250","SHORT","P7","D2","Net Peak Vertical Force [N]","Trial 5",1362.22817663103
"251","TRAD","P20","D2","Net Force at 100ms [N]","Trial 1",511.362788116978
"252","TRAD","P4","D2","Net Force at 100ms [N]","Trial 2",659.767360622063
"253","TRAD","P27","D2","Net Force at 100ms [N]","Trial 3",625.791412985232
"254","TRAD","P5","D2","Net Peak Vertical Force [N]","Trial 1",1450.63251957837
"255","TRAD","P26","D2","Net Peak Vertical Force [N]","Trial 2",1644.54080605945
"256","TRAD","P20","D2","Net Peak Vertical Force [N]","Trial 3",1655.91455028388
"257","SHORT","P9","D1","Net Force at 100ms [N]","Trial 1",1247.00627692603
"258","SHORT","P10","D1","Net Force at 100ms [N]","Trial 2",1307.841463337
"259","SHORT","P30","D1","Net Force at 100ms [N]","Trial 3",354.990914897434
"260","SHORT","P5","D1","Net Force at 100ms [N]","Trial 4",1144.7715380542
"261","SHORT","P9","D1","Net Force at 100ms [N]","Trial 5",1293.51446845368
"262","SHORT","P2","D1","Net Peak Vertical Force [N]","Trial 1",2068.2285241764
"263","SHORT","P19","D1","Net Peak Vertical Force [N]","Trial 2",2133.52333583273
"264","SHORT","P3","D1","Net Peak Vertical Force [N]","Trial 3",2411.90961240605
"265","SHORT","P8","D1","Net Peak Vertical Force [N]","Trial 4",1896.81603750028
"266","SHORT","P14","D1","Net Peak Vertical Force [N]","Trial 5",1875.8092841805
"267","TRAD","P18","D1","Net Force at 100ms [N]","Trial 1",1059.5206002756
"268","TRAD","P8","D1","Net Force at 100ms [N]","Trial 2",1044.63367965859
"269","TRAD","P20","D1","Net Force at 100ms [N]","Trial 3",1378.80049080611
"270","TRAD","P10","D1","Net Peak Vertical Force [N]","Trial 1",2283.43570980467
"271","TRAD","P28","D1","Net Peak Vertical Force [N]","Trial 2",2865.96474227631
"272","TRAD","P19","D1","Net Peak Vertical Force [N]","Trial 3",2875.24986864999
"273","SHORT","P4","D2","Net Force at 100ms [N]","Trial 1",1270.6535326506
"274","SHORT","P14","D2","Net Force at 100ms [N]","Trial 2",1021.30962851085
"275","SHORT","P29","D2","Net Force at 100ms [N]","Trial 3",874.549470428377
"276","SHORT","P21","D2","Net Force at 100ms [N]","Trial 4",898.113076278195
"277","SHORT","P1","D2","Net Force at 100ms [N]","Trial 5",1134.72883832455
"278","SHORT","P18","D2","Net Peak Vertical Force [N]","Trial 1",2763.54584449637
"279","SHORT","P23","D2","Net Peak Vertical Force [N]","Trial 2",1955.4358099645
"280","SHORT","P16","D2","Net Peak Vertical Force [N]","Trial 3",2040.65691284942
"281","SHORT","P5","D2","Net Peak Vertical Force [N]","Trial 4",2274.18550210474
"282","SHORT","P24","D2","Net Peak Vertical Force [N]","Trial 5",2448.28986970275
"283","TRAD","P4","D2","Net Force at 100ms [N]","Trial 1",975.468951690011
"284","TRAD","P31","D2","Net Force at 100ms [N]","Trial 2",985.476205584407
"285","TRAD","P3","D2","Net Force at 100ms [N]","Trial 3",876.645027768146
"286","TRAD","P5","D2","Net Peak Vertical Force [N]","Trial 1",2638.72737584934
"287","TRAD","P15","D2","Net Peak Vertical Force [N]","Trial 2",2520.76383029073
"288","TRAD","P13","D2","Net Peak Vertical Force [N]","Trial 3",2564.84929961544
"289","SHORT","P2","D1","Net Force at 100ms [N]","Trial 1",759.701582365436
"290","SHORT","P32","D1","Net Force at 100ms [N]","Trial 2",623.012777315732
"291","SHORT","P9","D1","Net Force at 100ms [N]","Trial 3",647.533069704194
"292","SHORT","P3","D1","Net Force at 100ms [N]","Trial 4",596.8178695729
"293","SHORT","P1","D1","Net Force at 100ms [N]","Trial 5",809.782375096157
"294","SHORT","P20","D1","Net Peak Vertical Force [N]","Trial 1",1650.82800244931
"295","SHORT","P25","D1","Net Peak Vertical Force [N]","Trial 2",1659.54986194186
"296","SHORT","P8","D1","Net Peak Vertical Force [N]","Trial 3",1828.12287236555
"297","SHORT","P12","D1","Net Peak Vertical Force [N]","Trial 4",1714.8570289514
"298","SHORT","P14","D1","Net Peak Vertical Force [N]","Trial 5",1903.94110403471
"299","TRAD","P21","D1","Net Force at 100ms [N]","Trial 1",725.087509177718
"300","TRAD","P32","D1","Net Force at 100ms [N]","Trial 2",499.289467216283
"301","TRAD","P32","D1","Net Force at 100ms [N]","Trial 3",894.435130189173
"302","TRAD","P8","D1","Net Peak Vertical Force [N]","Trial 1",2398.31466833353
"303","TRAD","P9","D1","Net Peak Vertical Force [N]","Trial 2",2424.83156181797
"304","TRAD","P10","D1","Net Peak Vertical Force [N]","Trial 3",2046.33138619638
"305","SHORT","P5","D2","Net Force at 100ms [N]","Trial 1",800.465538990498
"306","SHORT","P6","D2","Net Force at 100ms [N]","Trial 2",785.470173700992
"307","SHORT","P16","D2","Net Force at 100ms [N]","Trial 3",682.690639917087
"308","SHORT","P30","D2","Net Force at 100ms [N]","Trial 4",705.442097424343
"309","SHORT","P19","D2","Net Force at 100ms [N]","Trial 5",518.227978409082
"310","SHORT","P7","D2","Net Peak Vertical Force [N]","Trial 1",2173.05980520127
"311","SHORT","P5","D2","Net Peak Vertical Force [N]","Trial 2",1888.5019114919
"312","SHORT","P10","D2","Net Peak Vertical Force [N]","Trial 3",1758.74241151284
"313","SHORT","P19","D2","Net Peak Vertical Force [N]","Trial 4",1641.40176042179
"314","SHORT","P11","D2","Net Peak Vertical Force [N]","Trial 5",1581.11068985965
"315","TRAD","P5","D2","Net Force at 100ms [N]","Trial 1",258.952937280061
"316","TRAD","P10","D2","Net Force at 100ms [N]","Trial 2",416.932454333315
"317","TRAD","P17","D2","Net Force at 100ms [N]","Trial 3",629.605054983869
"318","TRAD","P22","D2","Net Peak Vertical Force [N]","Trial 1",2190.63420563564
"319","TRAD","P6","D2","Net Peak Vertical Force [N]","Trial 2",2260.19387484528
"320","TRAD","P17","D2","Net Peak Vertical Force [N]","Trial 3",2378.78250354314
"321","SHORT","P2","D1","Net Force at 100ms [N]","Trial 1",144.391938051488
"322","SHORT","P2","D1","Net Force at 100ms [N]","Trial 2",157.983885727823
"323","SHORT","P17","D1","Net Force at 100ms [N]","Trial 3",456.387139876699
"324","SHORT","P28","D1","Net Force at 100ms [N]","Trial 4",617.064053895045
"325","SHORT","P21","D1","Net Force at 100ms [N]","Trial 5",420.992191593954
"326","SHORT","P26","D1","Net Peak Vertical Force [N]","Trial 1",1745.02421774743
"327","SHORT","P26","D1","Net Peak Vertical Force [N]","Trial 2",1639.63195222896
"328","SHORT","P7","D1","Net Peak Vertical Force [N]","Trial 3",1616.28765322287
"329","SHORT","P17","D1","Net Peak Vertical Force [N]","Trial 4",1595.69446256566
"330","SHORT","P6","D1","Net Peak Vertical Force [N]","Trial 5",1796.50685896291
"331","TRAD","P27","D1","Net Force at 100ms [N]","Trial 1",205.95907962569
"332","TRAD","P2","D1","Net Force at 100ms [N]","Trial 2",123.077230826393
"333","TRAD","P12","D1","Net Force at 100ms [N]","Trial 3",209.836843980476
"334","TRAD","P9","D1","Net Peak Vertical Force [N]","Trial 1",1626.56639823015
"335","TRAD","P29","D1","Net Peak Vertical Force [N]","Trial 2",1601.61364528029
"336","TRAD","P28","D1","Net Peak Vertical Force [N]","Trial 3",1448.03411401808
"337","SHORT","P11","D2","Net Force at 100ms [N]","Trial 1",334.108053709846
"338","SHORT","P15","D2","Net Force at 100ms [N]","Trial 2",644.893541884609
"339","SHORT","P10","D2","Net Force at 100ms [N]","Trial 3",237.978068666998
"340","SHORT","P31","D2","Net Force at 100ms [N]","Trial 4",489.673634720966
"341","SHORT","P29","D2","Net Force at 100ms [N]","Trial 5",223.645130098611
"342","SHORT","P15","D2","Net Peak Vertical Force [N]","Trial 1",1627.95877379961
"343","SHORT","P22","D2","Net Peak Vertical Force [N]","Trial 2",1803.37246104968
"344","SHORT","P8","D2","Net Peak Vertical Force [N]","Trial 3",1719.15386492852
"345","SHORT","P21","D2","Net Peak Vertical Force [N]","Trial 4",1716.77680028928
"346","SHORT","P24","D2","Net Peak Vertical Force [N]","Trial 5",1541.29370574872
"347","TRAD","P24","D2","Net Force at 100ms [N]","Trial 1",174.732001281343
"348","TRAD","P5","D2","Net Force at 100ms [N]","Trial 2",250.734673416009
"349","TRAD","P20","D2","Net Force at 100ms [N]","Trial 3",59.6278797734063
"350","TRAD","P26","D2","Net Peak Vertical Force [N]","Trial 1",1771.17937778756
"351","TRAD","P18","D2","Net Peak Vertical Force [N]","Trial 2",1636.7529215524
"352","TRAD","P28","D2","Net Peak Vertical Force [N]","Trial 3",1676.34961922849
"353","SHORT","P7","D1","Net Force at 100ms [N]","Trial 1",237.5365086779
"354","SHORT","P1","D1","Net Force at 100ms [N]","Trial 2",701.714173280634
"355","SHORT","P16","D1","Net Force at 100ms [N]","Trial 3",469.731860624067
"356","SHORT","P23","D1","Net Force at 100ms [N]","Trial 4",616.698712907452
"357","SHORT","P30","D1","Net Force at 100ms [N]","Trial 5",501.641143407673
"358","SHORT","P8","D1","Net Peak Vertical Force [N]","Trial 1",1875.54421114996
"359","SHORT","P25","D1","Net Peak Vertical Force [N]","Trial 2",2295.76383903846
"360","SHORT","P9","D1","Net Peak Vertical Force [N]","Trial 3",2430.78302334454
"361","SHORT","P31","D1","Net Peak Vertical Force [N]","Trial 4",2265.97852042294
"362","SHORT","P4","D1","Net Peak Vertical Force [N]","Trial 5",2231.14541318268
"363","TRAD","P30","D1","Net Force at 100ms [N]","Trial 1",197.661236078851
"364","TRAD","P24","D1","Net Force at 100ms [N]","Trial 2",280.272289193887
"365","TRAD","P2","D1","Net Force at 100ms [N]","Trial 3",350.704602597095
"366","TRAD","P15","D1","Net Peak Vertical Force [N]","Trial 1",2783.9174530087
"367","TRAD","P26","D1","Net Peak Vertical Force [N]","Trial 2",2677.71619396135
"368","TRAD","P16","D1","Net Peak Vertical Force [N]","Trial 3",2503.02776655583
"369","SHORT","P8","D2","Net Force at 100ms [N]","Trial 1",432.463020942546
"370","SHORT","P18","D2","Net Force at 100ms [N]","Trial 2",401.051440143585
"371","SHORT","P26","D2","Net Force at 100ms [N]","Trial 3",344.505379850697
"372","SHORT","P18","D2","Net Force at 100ms [N]","Trial 4",694.731998134637
"373","SHORT","P24","D2","Net Force at 100ms [N]","Trial 5",414.340796150407
"374","SHORT","P13","D2","Net Peak Vertical Force [N]","Trial 1",1693.28573648334
"375","SHORT","P7","D2","Net Peak Vertical Force [N]","Trial 2",2022.28111393051
"376","SHORT","P17","D2","Net Peak Vertical Force [N]","Trial 3",1917.50586650483
"377","SHORT","P23","D2","Net Peak Vertical Force [N]","Trial 4",1947.19721763274
"378","SHORT","P13","D2","Net Peak Vertical Force [N]","Trial 5",1773.12278219294
"379","TRAD","P30","D2","Net Force at 100ms [N]","Trial 1",331.855651600473
"380","TRAD","P24","D2","Net Force at 100ms [N]","Trial 2",320.638650171692
"381","TRAD","P31","D2","Net Force at 100ms [N]","Trial 3",197.927545758989
"382","TRAD","P12","D2","Net Peak Vertical Force [N]","Trial 1",2189.01036625393
"383","TRAD","P20","D2","Net Peak Vertical Force [N]","Trial 2",2304.56063567027
"384","TRAD","P1","D2","Net Peak Vertical Force [N]","Trial 3",2146.73808477083
"385","SHORT","P24","D1","Net Force at 100ms [N]","Trial 1",1037.15760655352
"386","SHORT","P13","D1","Net Force at 100ms [N]","Trial 2",974.963691677805
"387","SHORT","P20","D1","Net Force at 100ms [N]","Trial 3",1012.41798922555
"388","SHORT","P5","D1","Net Force at 100ms [N]","Trial 4",933.976934727049
"389","SHORT","P18","D1","Net Force at 100ms [N]","Trial 5",1155.2108172209
"390","SHORT","P9","D1","Net Peak Vertical Force [N]","Trial 1",2481.18070746423
"391","SHORT","P13","D1","Net Peak Vertical Force [N]","Trial 2",2392.21139600687
"392","SHORT","P6","D1","Net Peak Vertical Force [N]","Trial 3",2442.61511419639
"393","SHORT","P21","D1","Net Peak Vertical Force [N]","Trial 4",2960.60761133088
"394","SHORT","P28","D1","Net Peak Vertical Force [N]","Trial 5",2454.02367302058
"395","TRAD","P3","D1","Net Force at 100ms [N]","Trial 1",955.81851804927
"396","TRAD","P13","D1","Net Force at 100ms [N]","Trial 2",814.548443126492
"397","TRAD","P19","D1","Net Force at 100ms [N]","Trial 3",1007.14866830339
"398","TRAD","P18","D1","Net Peak Vertical Force [N]","Trial 1",3351.28033586126
"399","TRAD","P14","D1","Net Peak Vertical Force [N]","Trial 2",3498.58212184906
"400","TRAD","P22","D1","Net Peak Vertical Force [N]","Trial 3",3184.04717466338
"401","SHORT","P5","D2","Net Force at 100ms [N]","Trial 1",895.95609091362
"402","SHORT","P22","D2","Net Force at 100ms [N]","Trial 2",883.944598991051
"403","SHORT","P4","D2","Net Force at 100ms [N]","Trial 3",1133.18591231946
"404","SHORT","P20","D2","Net Force at 100ms [N]","Trial 4",1175.70242186934
"405","SHORT","P24","D2","Net Force at 100ms [N]","Trial 5",890.240881392918
"406","SHORT","P23","D2","Net Peak Vertical Force [N]","Trial 1",2463.96854640217
"407","SHORT","P4","D2","Net Peak Vertical Force [N]","Trial 2",2291.42280067438
"408","SHORT","P2","D2","Net Peak Vertical Force [N]","Trial 3",2685.61831123787
"409","SHORT","P7","D2","Net Peak Vertical Force [N]","Trial 4",2943.70888674837
"410","SHORT","P32","D2","Net Peak Vertical Force [N]","Trial 5",2588.82628037408
"411","TRAD","P1","D2","Net Force at 100ms [N]","Trial 1",1031.26097983913
"412","TRAD","P8","D2","Net Force at 100ms [N]","Trial 2",983.870294583542
"413","TRAD","P26","D2","Net Force at 100ms [N]","Trial 3",786.257995653432
"414","TRAD","P31","D2","Net Peak Vertical Force [N]","Trial 1",3113.93075165804
"415","TRAD","P7","D2","Net Peak Vertical Force [N]","Trial 2",3346.54374882085
"416","TRAD","P22","D2","Net Peak Vertical Force [N]","Trial 3",2947.36026903517
"417","SHORT","P9","D1","Net Force at 100ms [N]","Trial 1",502.510258515412
"418","SHORT","P28","D1","Net Force at 100ms [N]","Trial 2",398.751580118295
"419","SHORT","P25","D1","Net Force at 100ms [N]","Trial 3",425.065490251454
"420","SHORT","P19","D1","Net Force at 100ms [N]","Trial 4",387.453599653533
"421","SHORT","P28","D1","Net Force at 100ms [N]","Trial 5",437.202014158107
"422","SHORT","P19","D1","Net Peak Vertical Force [N]","Trial 1",1264.43381987396
"423","SHORT","P11","D1","Net Peak Vertical Force [N]","Trial 2",1318.67668427043
"424","SHORT","P27","D1","Net Peak Vertical Force [N]","Trial 3",1214.45450862581
"425","SHORT","P5","D1","Net Peak Vertical Force [N]","Trial 4",1140.50201603491
"426","SHORT","P12","D1","Net Peak Vertical Force [N]","Trial 5",1202.46735261176
"427","TRAD","P30","D1","Net Force at 100ms [N]","Trial 1",121.672912224662
"428","TRAD","P26","D1","Net Force at 100ms [N]","Trial 2",387.322574424092
"429","TRAD","P31","D1","Net Force at 100ms [N]","Trial 3",431.118931051344
"430","TRAD","P10","D1","Net Peak Vertical Force [N]","Trial 1",1408.7168186747
"431","TRAD","P28","D1","Net Peak Vertical Force [N]","Trial 2",1301.85773780034
"432","TRAD","P6","D1","Net Peak Vertical Force [N]","Trial 3",1316.37023232887
"433","SHORT","P28","D2","Net Force at 100ms [N]","Trial 1",364.513696551323
"434","SHORT","P18","D2","Net Force at 100ms [N]","Trial 2",299.644350603595
"435","SHORT","P5","D2","Net Force at 100ms [N]","Trial 3",273.800609745877
"436","SHORT","P17","D2","Net Force at 100ms [N]","Trial 4",266.317109774891
"437","SHORT","P24","D2","Net Force at 100ms [N]","Trial 5",498.437452473864
"438","SHORT","P6","D2","Net Peak Vertical Force [N]","Trial 1",1265.80740530854
"439","SHORT","P21","D2","Net Peak Vertical Force [N]","Trial 2",1382.8038129067
"440","SHORT","P21","D2","Net Peak Vertical Force [N]","Trial 3",1242.06598273106
"441","SHORT","P22","D2","Net Peak Vertical Force [N]","Trial 4",1212.87528030435
"442","SHORT","P29","D2","Net Peak Vertical Force [N]","Trial 5",1297.58692309
"443","TRAD","P23","D2","Net Force at 100ms [N]","Trial 1",353.316808940144
"444","TRAD","P32","D2","Net Force at 100ms [N]","Trial 2",449.636171387509
"445","TRAD","P19","D2","Net Force at 100ms [N]","Trial 3",371.953344175592
"446","TRAD","P14","D2","Net Peak Vertical Force [N]","Trial 1",1146.04566988284
"447","TRAD","P17","D2","Net Peak Vertical Force [N]","Trial 2",1289.74964111298
"448","TRAD","P31","D2","Net Peak Vertical Force [N]","Trial 3",1192.10936379852
"449","SHORT","P27","D1","Net Force at 100ms [N]","Trial 1",558.843312929012
"450","SHORT","P13","D1","Net Force at 100ms [N]","Trial 2",751.006899193302
"451","SHORT","P29","D1","Net Force at 100ms [N]","Trial 3",490.366808284586
"452","SHORT","P17","D1","Net Force at 100ms [N]","Trial 4",504.157057741098
"453","SHORT","P20","D1","Net Force at 100ms [N]","Trial 5",679.01457916298
"454","SHORT","P14","D1","Net Peak Vertical Force [N]","Trial 1",1366.54110038253
"455","SHORT","P9","D1","Net Peak Vertical Force [N]","Trial 2",1341.95514442991
"456","SHORT","P15","D1","Net Peak Vertical Force [N]","Trial 3",1476.88471108675
"457","SHORT","P20","D1","Net Peak Vertical Force [N]","Trial 4",1322.89053877979
"458","SHORT","P22","D1","Net Peak Vertical Force [N]","Trial 5",1310.91479610777
"459","TRAD","P12","D1","Net Force at 100ms [N]","Trial 1",552.735828388855
"460","TRAD","P10","D1","Net Force at 100ms [N]","Trial 2",355.011949301138
"461","TRAD","P26","D1","Net Force at 100ms [N]","Trial 3",460.728867931757
"462","TRAD","P15","D1","Net Peak Vertical Force [N]","Trial 1",1578.85603478011
"463","TRAD","P21","D1","Net Peak Vertical Force [N]","Trial 2",1556.84491485469
"464","TRAD","P1","D1","Net Peak Vertical Force [N]","Trial 3",1406.14079723097
"465","SHORT","P26","D2","Net Force at 100ms [N]","Trial 1",556.56440106486
"466","SHORT","P16","D2","Net Force at 100ms [N]","Trial 2",610.474798584077
"467","SHORT","P30","D2","Net Force at 100ms [N]","Trial 3",433.349026914965
"468","SHORT","P7","D2","Net Force at 100ms [N]","Trial 4",553.336372766457
"469","SHORT","P11","D2","Net Force at 100ms [N]","Trial 5",578.955317540886
"470","SHORT","P15","D2","Net Peak Vertical Force [N]","Trial 1",1242.96585005298
"471","SHORT","P11","D2","Net Peak Vertical Force [N]","Trial 2",1175.10106446291
"472","SHORT","P16","D2","Net Peak Vertical Force [N]","Trial 3",1464.80380238369
"473","SHORT","P27","D2","Net Peak Vertical Force [N]","Trial 4",1342.34559897399
"474","SHORT","P6","D2","Net Peak Vertical Force [N]","Trial 5",1336.05072114421
"475","TRAD","P18","D2","Net Force at 100ms [N]","Trial 1",600.667259798478
"476","TRAD","P24","D2","Net Force at 100ms [N]","Trial 2",539.875504137762
"477","TRAD","P32","D2","Net Force at 100ms [N]","Trial 3",525.754258095659
"478","TRAD","P6","D2","Net Peak Vertical Force [N]","Trial 1",1384.43268997883
"479","TRAD","P16","D2","Net Peak Vertical Force [N]","Trial 2",1477.00166352852
"480","TRAD","P4","D2","Net Peak Vertical Force [N]","Trial 3",1211.88210150944
"481","SHORT","P7","D1","Net Force at 100ms [N]","Trial 1",619.666379794478
"482","SHORT","P12","D1","Net Force at 100ms [N]","Trial 2",604.979527395964
"483","SHORT","P29","D1","Net Force at 100ms [N]","Trial 3",533.278165998962
"484","SHORT","P10","D1","Net Force at 100ms [N]","Trial 4",618.08281330429
"485","SHORT","P14","D1","Net Force at 100ms [N]","Trial 5",467.874559501093
"486","SHORT","P11","D1","Net Peak Vertical Force [N]","Trial 1",2243.97685525473
"487","SHORT","P27","D1","Net Peak Vertical Force [N]","Trial 2",2262.68241104074
"488","SHORT","P19","D1","Net Peak Vertical Force [N]","Trial 3",2443.07381141414
"489","SHORT","P9","D1","Net Peak Vertical Force [N]","Trial 4",2137.86899113804
"490","SHORT","P16","D1","Net Peak Vertical Force [N]","Trial 5",2220.42245866079
"491","TRAD","P2","D1","Net Force at 100ms [N]","Trial 1",120.165048490744
"492","TRAD","P32","D1","Net Force at 100ms [N]","Trial 2",354.135924561229
"493","TRAD","P2","D1","Net Force at 100ms [N]","Trial 3",404.75458315853
"494","TRAD","P14","D1","Net Peak Vertical Force [N]","Trial 1",2258.455742992
"495","TRAD","P26","D1","Net Peak Vertical Force [N]","Trial 2",2695.14721371369
"496","TRAD","P10","D1","Net Peak Vertical Force [N]","Trial 3",2729.77681700373
"497","SHORT","P29","D2","Net Force at 100ms [N]","Trial 1",649.102739764471
"498","SHORT","P1","D2","Net Force at 100ms [N]","Trial 2",587.92747908663
"499","SHORT","P4","D2","Net Force at 100ms [N]","Trial 3",826.627170470171
"500","SHORT","P30","D2","Net Force at 100ms [N]","Trial 4",452.768038692372
"501","SHORT","P15","D2","Net Force at 100ms [N]","Trial 5",553.111004043929
"502","SHORT","P9","D2","Net Peak Vertical Force [N]","Trial 1",2270.08175894115
"503","SHORT","P11","D2","Net Peak Vertical Force [N]","Trial 2",2133.31813616725
"504","SHORT","P28","D2","Net Peak Vertical Force [N]","Trial 3",2005.31260399399
"505","SHORT","P1","D2","Net Peak Vertical Force [N]","Trial 4",2271.82082067244
"506","SHORT","P9","D2","Net Peak Vertical Force [N]","Trial 5",2374.78428566102
"507","TRAD","P14","D2","Net Force at 100ms [N]","Trial 1",310.703396344604
"508","TRAD","P6","D2","Net Force at 100ms [N]","Trial 2",264.907183258468
"509","TRAD","P15","D2","Net Force at 100ms [N]","Trial 3",428.458456937224
"510","TRAD","P5","D2","Net Peak Vertical Force [N]","Trial 1",2388.12353374669
"511","TRAD","P31","D2","Net Peak Vertical Force [N]","Trial 2",2472.12394411387
"512","TRAD","P4","D2","Net Peak Vertical Force [N]","Trial 3",2813.87692792714
"513","SHORT","P21","D1","Net Force at 100ms [N]","Trial 1",818.491551484074
"514","SHORT","P29","D1","Net Force at 100ms [N]","Trial 2",757.904208649322
"515","SHORT","P30","D1","Net Force at 100ms [N]","Trial 3",455.792892410886
"516","SHORT","P27","D1","Net Force at 100ms [N]","Trial 4",686.324205273343
"517","SHORT","P6","D1","Net Force at 100ms [N]","Trial 5",428.876949462108
"518","SHORT","P16","D1","Net Peak Vertical Force [N]","Trial 1",1717.65512866667
"519","SHORT","P8","D1","Net Peak Vertical Force [N]","Trial 2",1774.21083995425
"520","SHORT","P18","D1","Net Peak Vertical Force [N]","Trial 3",1742.2259829835
"521","SHORT","P18","D1","Net Peak Vertical Force [N]","Trial 4",2113.5972061072
"522","SHORT","P6","D1","Net Peak Vertical Force [N]","Trial 5",1783.42280608229
"523","TRAD","P5","D1","Net Force at 100ms [N]","Trial 1",109.025634603668
"524","TRAD","P8","D1","Net Force at 100ms [N]","Trial 2",236.886553896172
"525","TRAD","P6","D1","Net Force at 100ms [N]","Trial 3",450.628425550181
"526","TRAD","P22","D1","Net Peak Vertical Force [N]","Trial 1",1813.68645649571
"527","TRAD","P13","D1","Net Peak Vertical Force [N]","Trial 2",1990.01906544548
"528","TRAD","P23","D1","Net Peak Vertical Force [N]","Trial 3",1895.26642148732
"529","SHORT","P24","D2","Net Force at 100ms [N]","Trial 1",273.035847595427
"530","SHORT","P19","D2","Net Force at 100ms [N]","Trial 2",532.74831560133
"531","SHORT","P27","D2","Net Force at 100ms [N]","Trial 3",246.167441667989
"532","SHORT","P28","D2","Net Force at 100ms [N]","Trial 4",574.659672370926
"533","SHORT","P7","D2","Net Force at 100ms [N]","Trial 5",216.679943688214
"534","SHORT","P22","D2","Net Peak Vertical Force [N]","Trial 1",2090.82065738672
"535","SHORT","P4","D2","Net Peak Vertical Force [N]","Trial 2",1789.02329474613
"536","SHORT","P3","D2","Net Peak Vertical Force [N]","Trial 3",1893.11091482965
"537","SHORT","P15","D2","Net Peak Vertical Force [N]","Trial 4",2121.97915163934
"538","SHORT","P5","D2","Net Peak Vertical Force [N]","Trial 5",2205.93453364074
"539","TRAD","P21","D2","Net Force at 100ms [N]","Trial 1",695.551773065329
"540","TRAD","P22","D2","Net Force at 100ms [N]","Trial 2",151.802836820483
"541","TRAD","P20","D2","Net Peak Vertical Force [N]","Trial 1",1980.13502649236
"542","TRAD","P24","D2","Net Peak Vertical Force [N]","Trial 2",2286.90514599616
"543","TRAD","P1","D2","Net Force at 100ms [N]","Trial 3",362.890810499154
"544","TRAD","P11","D2","Net Peak Vertical Force [N]","Trial 3",2024.89956317302
"545","SHORT","P10","D1","Net Force at 100ms [N]","Trial 1",832.037908008695
"546","SHORT","P19","D1","Net Force at 100ms [N]","Trial 2",447.789870142098
"547","SHORT","P13","D1","Net Force at 100ms [N]","Trial 3",590.914112647483
"548","SHORT","P20","D1","Net Force at 100ms [N]","Trial 4",588.420565846562
"549","SHORT","P32","D1","Net Force at 100ms [N]","Trial 5",688.199876017403
"550","SHORT","P12","D1","Net Peak Vertical Force [N]","Trial 1",1482.86408793172
"551","SHORT","P29","D1","Net Peak Vertical Force [N]","Trial 2",1521.08418391608
"552","SHORT","P19","D1","Net Peak Vertical Force [N]","Trial 3",2134.29218279896
"553","SHORT","P5","D1","Net Peak Vertical Force [N]","Trial 4",1649.97840152569
"554","SHORT","P16","D1","Net Peak Vertical Force [N]","Trial 5",1590.06807544623
"555","TRAD","P31","D1","Net Force at 100ms [N]","Trial 1",267.253718888154
"556","TRAD","P6","D1","Net Force at 100ms [N]","Trial 2",457.651227048691
"557","TRAD","P3","D1","Net Force at 100ms [N]","Trial 3",452.078478540247
"558","TRAD","P23","D1","Net Peak Vertical Force [N]","Trial 1",1883.12607309967
"559","TRAD","P26","D1","Net Peak Vertical Force [N]","Trial 2",2204.0353859067
"560","TRAD","P19","D1","Net Peak Vertical Force [N]","Trial 3",2218.92198620364
"561","SHORT","P5","D2","Net Force at 100ms [N]","Trial 1",527.226292041689
"562","SHORT","P31","D2","Net Force at 100ms [N]","Trial 2",589.285524770943
"563","SHORT","P15","D2","Net Force at 100ms [N]","Trial 3",559.09005622887
"564","SHORT","P8","D2","Net Force at 100ms [N]","Trial 4",351.153973561339
"565","SHORT","P9","D2","Net Force at 100ms [N]","Trial 5",263.302440613043
"566","SHORT","P13","D2","Net Peak Vertical Force [N]","Trial 1",1725.62345592426
"567","SHORT","P27","D2","Net Peak Vertical Force [N]","Trial 2",1816.67093574069
"568","SHORT","P9","D2","Net Peak Vertical Force [N]","Trial 3",1993.39834620608
"569","SHORT","P29","D2","Net Peak Vertical Force [N]","Trial 4",1828.23721695989
"570","SHORT","P3","D2","Net Peak Vertical Force [N]","Trial 5",2048.09082153719
"571","TRAD","P30","D2","Net Force at 100ms [N]","Trial 1",256.842141493736
"572","TRAD","P32","D2","Net Force at 100ms [N]","Trial 2",480.020174404234
"573","TRAD","P22","D2","Net Force at 100ms [N]","Trial 3",374.491234491859
"574","TRAD","P24","D2","Net Peak Vertical Force [N]","Trial 1",2203.31029959256
"575","TRAD","P12","D2","Net Peak Vertical Force [N]","Trial 2",2201.40489132479
"576","TRAD","P10","D2","Net Peak Vertical Force [N]","Trial 3",1854.15600939803
"577","SHORT","P21","D1","Net Force at 100ms [N]","Trial 1",451.056791048311
"578","SHORT","P4","D1","Net Force at 100ms [N]","Trial 2",170.228415658604
"579","SHORT","P14","D1","Net Force at 100ms [N]","Trial 3",497.82360341521
"580","SHORT","P20","D1","Net Force at 100ms [N]","Trial 4",472.550188345648
"581","SHORT","P16","D1","Net Force at 100ms [N]","Trial 5",291.024298523087
"582","SHORT","P9","D1","Net Peak Vertical Force [N]","Trial 1",1674.48745963788
"583","SHORT","P23","D1","Net Peak Vertical Force [N]","Trial 2",1703.72074807892
"584","SHORT","P18","D1","Net Peak Vertical Force [N]","Trial 3",1702.51687907483
"585","SHORT","P12","D1","Net Peak Vertical Force [N]","Trial 4",1758.91480636178
"586","SHORT","P12","D1","Net Peak Vertical Force [N]","Trial 5",1619.76627571927
"587","TRAD","P32","D1","Net Force at 100ms [N]","Trial 1",388.230220897123
"588","TRAD","P19","D1","Net Force at 100ms [N]","Trial 2",366.322085659951
"589","TRAD","P20","D1","Net Force at 100ms [N]","Trial 3",471.861708979122
"590","TRAD","P2","D1","Net Peak Vertical Force [N]","Trial 1",1190.95094281845
"591","TRAD","P14","D1","Net Peak Vertical Force [N]","Trial 2",1033.57425525784
"592","TRAD","P25","D1","Net Peak Vertical Force [N]","Trial 3",1190.82283490561
"593","SHORT","P15","D2","Net Force at 100ms [N]","Trial 1",528.294331063144
"594","SHORT","P30","D2","Net Force at 100ms [N]","Trial 2",118.138066444732
"595","SHORT","P22","D2","Net Force at 100ms [N]","Trial 3",347.222710264614
"596","SHORT","P15","D2","Net Force at 100ms [N]","Trial 4",289.288606148073
"597","SHORT","P14","D2","Net Force at 100ms [N]","Trial 5",418.334954531491
"598","SHORT","P1","D2","Net Peak Vertical Force [N]","Trial 1",1114.81609797394
"599","SHORT","P17","D2","Net Peak Vertical Force [N]","Trial 2",1266.616739731
"600","SHORT","P5","D2","Net Peak Vertical Force [N]","Trial 3",1265.12599402014
"601","SHORT","P21","D2","Net Peak Vertical Force [N]","Trial 4",1386.85963826422
"602","SHORT","P19","D2","Net Peak Vertical Force [N]","Trial 5",1222.18287665178
"603","TRAD","P7","D2","Net Force at 100ms [N]","Trial 1",259.537087998725
"604","TRAD","P16","D2","Net Force at 100ms [N]","Trial 2",347.302969620097
"605","TRAD","P27","D2","Net Force at 100ms [N]","Trial 3",326.05437018536
"606","TRAD","P32","D2","Net Peak Vertical Force [N]","Trial 1",924.97204831196
"607","TRAD","P4","D2","Net Peak Vertical Force [N]","Trial 2",1319.06894976143
"608","TRAD","P12","D2","Net Peak Vertical Force [N]","Trial 3",1174.83280062075
"609","SHORT","P13","D1","Net Force at 100ms [N]","Trial 1",297.067344112182
"610","SHORT","P21","D1","Net Force at 100ms [N]","Trial 2",434.067700186418
"611","SHORT","P14","D1","Net Force at 100ms [N]","Trial 3",532.830523467809
"612","SHORT","P7","D1","Net Force at 100ms [N]","Trial 4",558.603347099852
"613","SHORT","P6","D1","Net Force at 100ms [N]","Trial 5",487.910210926086
"614","SHORT","P19","D1","Net Peak Vertical Force [N]","Trial 1",1928.34571380448
"615","SHORT","P4","D1","Net Peak Vertical Force [N]","Trial 2",2089.34286001297
"616","SHORT","P29","D1","Net Peak Vertical Force [N]","Trial 3",2020.57405074229
"617","SHORT","P21","D1","Net Peak Vertical Force [N]","Trial 4",2131.20893665231
"618","SHORT","P7","D1","Net Peak Vertical Force [N]","Trial 5",2103.10595245706
"619","TRAD","P10","D1","Net Force at 100ms [N]","Trial 1",490.393776734173
"620","TRAD","P32","D1","Net Force at 100ms [N]","Trial 2",653.54840395432
"621","TRAD","P29","D1","Net Force at 100ms [N]","Trial 3",701.622862518439
"622","TRAD","P1","D1","Net Peak Vertical Force [N]","Trial 1",2060.61758278459
"623","TRAD","P29","D1","Net Peak Vertical Force [N]","Trial 2",2116.91976878084
"624","TRAD","P3","D1","Net Peak Vertical Force [N]","Trial 3",2231.789671735
"625","SHORT","P25","D2","Net Force at 100ms [N]","Trial 1",376.522719342727
"626","SHORT","P24","D2","Net Force at 100ms [N]","Trial 2",490.929329236038
"627","SHORT","P30","D2","Net Force at 100ms [N]","Trial 3",479.551456400659
"628","SHORT","P27","D2","Net Force at 100ms [N]","Trial 4",127.464766564779
"629","SHORT","P22","D2","Net Force at 100ms [N]","Trial 5",642.697006879235
"630","SHORT","P4","D2","Net Peak Vertical Force [N]","Trial 1",1725.51146461163
"631","SHORT","P31","D2","Net Peak Vertical Force [N]","Trial 2",1677.95286852792
"632","SHORT","P24","D2","Net Peak Vertical Force [N]","Trial 3",1832.05668217773
"633","SHORT","P25","D2","Net Peak Vertical Force [N]","Trial 4",1664.2296577631
"634","SHORT","P32","D2","Net Peak Vertical Force [N]","Trial 5",1989.33897465421
"635","TRAD","P2","D2","Net Force at 100ms [N]","Trial 1",458.461912879348
"636","TRAD","P27","D2","Net Force at 100ms [N]","Trial 2",241.536884034332
"637","TRAD","P23","D2","Net Force at 100ms [N]","Trial 3",398.83696251316
"638","TRAD","P6","D2","Net Peak Vertical Force [N]","Trial 1",1966.98307084562
"639","TRAD","P11","D2","Net Peak Vertical Force [N]","Trial 2",2107.89160331897
"640","TRAD","P11","D2","Net Peak Vertical Force [N]","Trial 3",2234.56037612036
"641","SHORT","P3","D1","Net Force at 100ms [N]","Trial 1",217.132723667705
"642","SHORT","P32","D1","Net Force at 100ms [N]","Trial 2",346.686716485769
"643","SHORT","P28","D1","Net Force at 100ms [N]","Trial 3",484.609583389293
"644","SHORT","P26","D1","Net Force at 100ms [N]","Trial 4",370.505933039961
"645","SHORT","P1","D1","Net Force at 100ms [N]","Trial 5",315.232183233835
"646","SHORT","P18","D1","Net Peak Vertical Force [N]","Trial 1",1319.53645435832
"647","SHORT","P2","D1","Net Peak Vertical Force [N]","Trial 2",1611.82912762091
"648","SHORT","P22","D1","Net Peak Vertical Force [N]","Trial 3",1778.46473377477
"649","SHORT","P30","D1","Net Peak Vertical Force [N]","Trial 4",1703.59686937644
"650","SHORT","P22","D1","Net Peak Vertical Force [N]","Trial 5",1782.93612485398
"651","TRAD","P29","D1","Net Force at 100ms [N]","Trial 1",407.173618208244
"652","TRAD","P1","D1","Net Force at 100ms [N]","Trial 2",424.150180602074
"653","TRAD","P3","D1","Net Force at 100ms [N]","Trial 3",349.687825991958
"654","TRAD","P17","D1","Net Peak Vertical Force [N]","Trial 1",2200.36844776515
"655","TRAD","P27","D1","Net Peak Vertical Force [N]","Trial 2",2191.61666254699
"656","TRAD","P20","D1","Net Peak Vertical Force [N]","Trial 3",2073.81702910606
"657","SHORT","P1","D2","Net Force at 100ms [N]","Trial 1",246.947809465416
"658","SHORT","P23","D2","Net Force at 100ms [N]","Trial 2",392.86425127415
"659","SHORT","P25","D2","Net Force at 100ms [N]","Trial 3",440.453804021981
"660","SHORT","P31","D2","Net Force at 100ms [N]","Trial 4",295.169144435786
"661","SHORT","P7","D2","Net Force at 100ms [N]","Trial 5",398.124282597192
"662","SHORT","P24","D2","Net Peak Vertical Force [N]","Trial 1",1940.63678210741
"663","SHORT","P28","D2","Net Peak Vertical Force [N]","Trial 2",1729.37329819752
"664","SHORT","P29","D2","Net Peak Vertical Force [N]","Trial 3",2003.26551038073
"665","SHORT","P7","D2","Net Peak Vertical Force [N]","Trial 4",1625.91168794427
"666","SHORT","P15","D2","Net Peak Vertical Force [N]","Trial 5",1695.78302643211
"667","TRAD","P1","D2","Net Force at 100ms [N]","Trial 1",429.513864100445
"668","TRAD","P16","D2","Net Force at 100ms [N]","Trial 2",428.51211048332
"669","TRAD","P11","D2","Net Force at 100ms [N]","Trial 3",264.735574842431
"670","TRAD","P10","D2","Net Peak Vertical Force [N]","Trial 1",2180.43175063133
"671","TRAD","P4","D2","Net Peak Vertical Force [N]","Trial 2",2252.56216187775
"672","TRAD","P32","D2","Net Peak Vertical Force [N]","Trial 3",2048.05305826366
"673","SHORT","P6","D1","Net Force at 100ms [N]","Trial 1",630.893255664408
"674","SHORT","P24","D1","Net Force at 100ms [N]","Trial 2",483.43144694576
"675","SHORT","P17","D1","Net Force at 100ms [N]","Trial 3",139.693391381763
"676","SHORT","P22","D1","Net Force at 100ms [N]","Trial 4",597.805034821155
"677","SHORT","P30","D1","Net Force at 100ms [N]","Trial 5",729.318942327471
"678","SHORT","P2","D1","Net Peak Vertical Force [N]","Trial 1",1939.8253532934
"679","SHORT","P15","D1","Net Peak Vertical Force [N]","Trial 2",2030.09906304851
"680","SHORT","P13","D1","Net Peak Vertical Force [N]","Trial 3",2009.41132152826
"681","SHORT","P16","D1","Net Peak Vertical Force [N]","Trial 4",1950.51421118374
"682","SHORT","P18","D1","Net Peak Vertical Force [N]","Trial 5",1916.00857062005
"683","TRAD","P8","D1","Net Force at 100ms [N]","Trial 1",995.051249023527
"684","TRAD","P31","D1","Net Force at 100ms [N]","Trial 2",641.148686862784
"685","TRAD","P3","D1","Net Force at 100ms [N]","Trial 3",418.718332016375
"686","TRAD","P3","D1","Net Peak Vertical Force [N]","Trial 1",2457.77529281089
"687","TRAD","P26","D1","Net Peak Vertical Force [N]","Trial 2",2149.99920319319
"688","TRAD","P24","D1","Net Peak Vertical Force [N]","Trial 3",2421.27181655634
"689","SHORT","P32","D2","Net Force at 100ms [N]","Trial 1",321.61698236838
"690","SHORT","P18","D2","Net Force at 100ms [N]","Trial 2",721.244098509848
"691","SHORT","P16","D2","Net Force at 100ms [N]","Trial 3",501.667706786795
"692","SHORT","P21","D2","Net Force at 100ms [N]","Trial 4",701.760674998723
"693","SHORT","P18","D2","Net Force at 100ms [N]","Trial 5",473.355304081924
"694","SHORT","P25","D2","Net Peak Vertical Force [N]","Trial 1",1764.51036360115
"695","SHORT","P17","D2","Net Peak Vertical Force [N]","Trial 2",1928.58784446996
"696","SHORT","P17","D2","Net Peak Vertical Force [N]","Trial 3",2236.78305698698
"697","SHORT","P27","D2","Net Peak Vertical Force [N]","Trial 4",2006.89167888416
"698","SHORT","P17","D2","Net Peak Vertical Force [N]","Trial 5",2134.96528152935
"699","TRAD","P29","D2","Net Force at 100ms [N]","Trial 1",184.702558273822
"700","TRAD","P25","D2","Net Force at 100ms [N]","Trial 2",221.014904049505
"701","TRAD","P15","D2","Net Force at 100ms [N]","Trial 3",383.192487599328
"702","TRAD","P26","D2","Net Peak Vertical Force [N]","Trial 1",2444.71136512877
"703","TRAD","P25","D2","Net Peak Vertical Force [N]","Trial 2",2380.68351371554
"704","TRAD","P9","D2","Net Peak Vertical Force [N]","Trial 3",2632.67867778786
"705","SHORT","P32","D1","Net Force at 100ms [N]","Trial 1",232.779948724108
"706","SHORT","P14","D1","Net Force at 100ms [N]","Trial 2",213.695773543557
"707","SHORT","P8","D1","Net Force at 100ms [N]","Trial 3",331.21614891761
"708","SHORT","P13","D1","Net Force at 100ms [N]","Trial 4",389.239308565855
"709","SHORT","P3","D1","Net Force at 100ms [N]","Trial 5",381.004740223009
"710","SHORT","P30","D1","Net Peak Vertical Force [N]","Trial 1",2182.0608241722
"711","SHORT","P31","D1","Net Peak Vertical Force [N]","Trial 2",2198.14354986423
"712","SHORT","P13","D1","Net Peak Vertical Force [N]","Trial 3",2087.30191092789
"713","SHORT","P32","D1","Net Peak Vertical Force [N]","Trial 4",2127.82652117638
"714","SHORT","P25","D1","Net Peak Vertical Force [N]","Trial 5",1920.89999312535
"715","TRAD","P21","D1","Net Force at 100ms [N]","Trial 1",189.448822792526
"716","TRAD","P22","D1","Net Force at 100ms [N]","Trial 2",278.423317002691
"717","TRAD","P10","D1","Net Force at 100ms [N]","Trial 3",254.669107921422
"718","TRAD","P23","D1","Net Peak Vertical Force [N]","Trial 1",1812.45798659869
"719","TRAD","P8","D1","Net Peak Vertical Force [N]","Trial 2",1979.10476917904
"720","TRAD","P24","D1","Net Peak Vertical Force [N]","Trial 3",2106.70123895602
"721","SHORT","P31","D2","Net Force at 100ms [N]","Trial 1",79.3840782217681
"722","SHORT","P7","D2","Net Force at 100ms [N]","Trial 2",272.116157355951
"723","SHORT","P25","D2","Net Force at 100ms [N]","Trial 3",100.933041809313
"724","SHORT","P19","D2","Net Force at 100ms [N]","Trial 4",328.038286209106
"725","SHORT","P27","D2","Net Force at 100ms [N]","Trial 5",359.092129120231
"726","SHORT","P9","D2","Net Peak Vertical Force [N]","Trial 1",2114.78989333631
"727","SHORT","P20","D2","Net Peak Vertical Force [N]","Trial 2",2050.20052329116
"728","SHORT","P23","D2","Net Peak Vertical Force [N]","Trial 3",2186.41382179419
"729","SHORT","P12","D2","Net Peak Vertical Force [N]","Trial 4",2069.18652729876
"730","SHORT","P31","D2","Net Peak Vertical Force [N]","Trial 5",1904.13690254558
"731","TRAD","P9","D2","Net Force at 100ms [N]","Trial 1",212.262145336717
"732","TRAD","P3","D2","Net Force at 100ms [N]","Trial 2",244.522776310891
"733","TRAD","P15","D2","Net Force at 100ms [N]","Trial 3",166.41784230019
"734","TRAD","P29","D2","Net Peak Vertical Force [N]","Trial 1",2300.96487468816
"735","TRAD","P18","D2","Net Peak Vertical Force [N]","Trial 2",2705.90378913526
"736","TRAD","P27","D2","Net Peak Vertical Force [N]","Trial 3",2486.24148617559
"737","SHORT","P29","D1","Net Force at 100ms [N]","Trial 1",263.06912510097
"738","SHORT","P30","D1","Net Force at 100ms [N]","Trial 2",182.089646197297
"739","SHORT","P10","D1","Net Force at 100ms [N]","Trial 3",347.549098355323
"740","SHORT","P20","D1","Net Force at 100ms [N]","Trial 4",273.431158867665
"741","SHORT","P22","D1","Net Force at 100ms [N]","Trial 5",316.902532614861
"742","SHORT","P17","D1","Net Peak Vertical Force [N]","Trial 1",1604.08718557036
"743","SHORT","P28","D1","Net Peak Vertical Force [N]","Trial 2",1488.91182144308
"744","SHORT","P10","D1","Net Peak Vertical Force [N]","Trial 3",1648.64984101243
"745","SHORT","P3","D1","Net Peak Vertical Force [N]","Trial 4",1797.85760021433
"746","SHORT","P3","D1","Net Peak Vertical Force [N]","Trial 5",1715.12415097952
"747","TRAD","P24","D1","Net Force at 100ms [N]","Trial 1",366.609289444238
"748","TRAD","P3","D1","Net Force at 100ms [N]","Trial 2",177.611770344991
"749","TRAD","P12","D1","Net Force at 100ms [N]","Trial 3",447.274672200903
"750","TRAD","P2","D1","Net Peak Vertical Force [N]","Trial 1",1364.62198864277
"751","TRAD","P14","D1","Net Peak Vertical Force [N]","Trial 2",1685.49710592739
"752","TRAD","P21","D1","Net Peak Vertical Force [N]","Trial 3",1392.37226996692
"753","SHORT","P13","D2","Net Force at 100ms [N]","Trial 1",426.682519087009
"754","SHORT","P8","D2","Net Force at 100ms [N]","Trial 2",384.651776918676
"755","SHORT","P20","D2","Net Force at 100ms [N]","Trial 3",303.443125209305
"756","SHORT","P30","D2","Net Force at 100ms [N]","Trial 4",254.770216033515
"757","SHORT","P3","D2","Net Force at 100ms [N]","Trial 5",294.541538643744
"758","SHORT","P25","D2","Net Peak Vertical Force [N]","Trial 1",1323.52304779524
"759","SHORT","P10","D2","Net Peak Vertical Force [N]","Trial 2",1736.49599711783
"760","SHORT","P17","D2","Net Peak Vertical Force [N]","Trial 3",1556.17153831646
"761","SHORT","P14","D2","Net Peak Vertical Force [N]","Trial 4",1430.71932185255
"762","SHORT","P10","D2","Net Peak Vertical Force [N]","Trial 5",1348.12997295223
"763","TRAD","P18","D2","Net Force at 100ms [N]","Trial 1",314.840379495407
"764","TRAD","P26","D2","Net Force at 100ms [N]","Trial 2",136.921541388519
"765","TRAD","P2","D2","Net Force at 100ms [N]","Trial 3",115.206192551181
"766","TRAD","P32","D2","Net Peak Vertical Force [N]","Trial 1",1674.74784026071
"767","TRAD","P21","D2","Net Peak Vertical Force [N]","Trial 2",1503.12624357012
"768","TRAD","P20","D2","Net Peak Vertical Force [N]","Trial 3",1557.91688288888
"769","SHORT","P16","D1","Net Force at 100ms [N]","Trial 1",500.892549205944
"770","SHORT","P19","D1","Net Force at 100ms [N]","Trial 2",385.145632028533
"771","SHORT","P15","D1","Net Force at 100ms [N]","Trial 3",191.809084401513
"772","SHORT","P31","D1","Net Force at 100ms [N]","Trial 4",525.758486139774
"773","SHORT","P8","D1","Net Force at 100ms [N]","Trial 5",331.34789266102
"774","SHORT","P16","D1","Net Peak Vertical Force [N]","Trial 1",2546.6237708455
"775","SHORT","P16","D1","Net Peak Vertical Force [N]","Trial 2",2937.41326832497
"776","SHORT","P4","D1","Net Peak Vertical Force [N]","Trial 3",2834.26670350544
"777","SHORT","P11","D1","Net Peak Vertical Force [N]","Trial 4",2639.06976076774
"778","SHORT","P32","D1","Net Peak Vertical Force [N]","Trial 5",2665.68150067027
"779","TRAD","P32","D1","Net Force at 100ms [N]","Trial 1",544.429460312612
"780","TRAD","P23","D1","Net Force at 100ms [N]","Trial 2",752.789003262483
"781","TRAD","P13","D1","Net Force at 100ms [N]","Trial 3",231.970893932134
"782","TRAD","P25","D1","Net Peak Vertical Force [N]","Trial 1",2588.21207598248
"783","TRAD","P7","D1","Net Peak Vertical Force [N]","Trial 2",2720.3742915872
"784","TRAD","P8","D1","Net Peak Vertical Force [N]","Trial 3",3138.23306279248
"785","SHORT","P12","D2","Net Force at 100ms [N]","Trial 1",481.87882122444
"786","SHORT","P26","D2","Net Force at 100ms [N]","Trial 2",579.340026532765
"787","SHORT","P30","D2","Net Force at 100ms [N]","Trial 3",568.168186433613
"788","SHORT","P11","D2","Net Force at 100ms [N]","Trial 4",359.268247313797
"789","SHORT","P13","D2","Net Force at 100ms [N]","Trial 5",422.441731788358
"790","SHORT","P25","D2","Net Peak Vertical Force [N]","Trial 1",2218.91805055323
"791","SHORT","P28","D2","Net Peak Vertical Force [N]","Trial 2",2416.55124246581
"792","SHORT","P13","D2","Net Peak Vertical Force [N]","Trial 3",2235.73080134038
"793","SHORT","P6","D2","Net Peak Vertical Force [N]","Trial 4",2220.30969512053
"794","SHORT","P4","D2","Net Peak Vertical Force [N]","Trial 5",2165.10855894135
"795","TRAD","P19","D2","Net Force at 100ms [N]","Trial 1",605.130815239344
"796","TRAD","P13","D2","Net Force at 100ms [N]","Trial 2",309.190221802332
"797","TRAD","P28","D2","Net Force at 100ms [N]","Trial 3",51.0363120127004
"798","TRAD","P11","D2","Net Peak Vertical Force [N]","Trial 1",2872.33991484931
"799","TRAD","P23","D2","Net Peak Vertical Force [N]","Trial 2",2872.16281225886
"800","TRAD","P2","D2","Net Peak Vertical Force [N]","Trial 3",2990.5864333529
"801","SHORT","P19","D1","Net Force at 100ms [N]","Trial 1",452.582565859798
"802","SHORT","P9","D1","Net Force at 100ms [N]","Trial 2",244.985050143907
"803","SHORT","P20","D1","Net Force at 100ms [N]","Trial 3",524.992407396436
"804","SHORT","P9","D1","Net Force at 100ms [N]","Trial 4",453.958961146418
"805","SHORT","P31","D1","Net Force at 100ms [N]","Trial 5",548.043562352285
"806","SHORT","P18","D1","Net Peak Vertical Force [N]","Trial 1",1840.57520234212
"807","SHORT","P8","D1","Net Peak Vertical Force [N]","Trial 2",1963.29421414156
"808","SHORT","P4","D1","Net Peak Vertical Force [N]","Trial 3",2038.30428170813
"809","SHORT","P11","D1","Net Peak Vertical Force [N]","Trial 4",1830.54490344264
"810","SHORT","P12","D1","Net Peak Vertical Force [N]","Trial 5",2123.38662310503
"811","TRAD","P19","D1","Net Force at 100ms [N]","Trial 1",377.25842080079
"812","TRAD","P6","D1","Net Force at 100ms [N]","Trial 2",442.006641199766
"813","TRAD","P31","D1","Net Force at 100ms [N]","Trial 3",216.361031115521
"814","TRAD","P7","D1","Net Peak Vertical Force [N]","Trial 1",1882.33709408669
"815","TRAD","P15","D1","Net Peak Vertical Force [N]","Trial 2",1847.88190958276
"816","TRAD","P14","D1","Net Peak Vertical Force [N]","Trial 3",2103.45058489898
"817","SHORT","P7","D2","Net Force at 100ms [N]","Trial 1",568.099307242036
"818","SHORT","P32","D2","Net Force at 100ms [N]","Trial 2",476.385550569417
"819","SHORT","P12","D2","Net Force at 100ms [N]","Trial 3",480.617050775699
"820","SHORT","P5","D2","Net Force at 100ms [N]","Trial 4",160.771036791243
"821","SHORT","P19","D2","Net Force at 100ms [N]","Trial 5",484.415081657097
"822","SHORT","P29","D2","Net Peak Vertical Force [N]","Trial 1",2231.41773951328
"823","SHORT","P15","D2","Net Peak Vertical Force [N]","Trial 2",2176.46269628778
"824","SHORT","P28","D2","Net Peak Vertical Force [N]","Trial 3",2339.06405655639
"825","SHORT","P24","D2","Net Peak Vertical Force [N]","Trial 4",2025.07650755905
"826","SHORT","P14","D2","Net Peak Vertical Force [N]","Trial 5",2269.37783152759
"827","TRAD","P8","D2","Net Force at 100ms [N]","Trial 1",267.077616829332
"828","TRAD","P6","D2","Net Force at 100ms [N]","Trial 2",117.744337445777
"829","TRAD","P17","D2","Net Force at 100ms [N]","Trial 3",208.071929623978
"830","TRAD","P6","D2","Net Peak Vertical Force [N]","Trial 1",2108.81767314412
"831","TRAD","P8","D2","Net Peak Vertical Force [N]","Trial 2",2023.82667019907
"832","TRAD","P15","D2","Net Peak Vertical Force [N]","Trial 3",2043.13410841264
"833","SHORT","P26","D1","Net Force at 100ms [N]","Trial 1",623.552251487784
"834","SHORT","P1","D1","Net Force at 100ms [N]","Trial 2",348.649680839851
"835","SHORT","P23","D1","Net Force at 100ms [N]","Trial 3",383.40929773869
"836","SHORT","P5","D1","Net Force at 100ms [N]","Trial 4",222.058412406314
"837","SHORT","P10","D1","Net Force at 100ms [N]","Trial 5",223.377266435232
"838","SHORT","P19","D1","Net Peak Vertical Force [N]","Trial 1",1472.60555485636
"839","SHORT","P21","D1","Net Peak Vertical Force [N]","Trial 2",1313.65330764651
"840","SHORT","P24","D1","Net Peak Vertical Force [N]","Trial 3",1574.3533578217
"841","SHORT","P24","D1","Net Peak Vertical Force [N]","Trial 4",1117.58993366808
"842","SHORT","P11","D1","Net Peak Vertical Force [N]","Trial 5",1326.74864000431
"843","TRAD","P30","D1","Net Force at 100ms [N]","Trial 1",248.159456077963
"844","TRAD","P9","D1","Net Force at 100ms [N]","Trial 2",479.420785829378
"845","TRAD","P23","D1","Net Force at 100ms [N]","Trial 3",309.821831209911
"846","TRAD","P2","D1","Net Peak Vertical Force [N]","Trial 1",1057.62070651632
"847","TRAD","P29","D1","Net Peak Vertical Force [N]","Trial 2",1077.94108023578
"848","TRAD","P31","D1","Net Peak Vertical Force [N]","Trial 3",1179.71305565955
"849","SHORT","P30","D2","Net Force at 100ms [N]","Trial 1",114.554917322751
"850","SHORT","P12","D2","Net Force at 100ms [N]","Trial 2",391.76542957183
"851","SHORT","P32","D2","Net Force at 100ms [N]","Trial 3",558.021848008968
"852","SHORT","P18","D2","Net Force at 100ms [N]","Trial 4",134.412983980589
"853","SHORT","P9","D2","Net Force at 100ms [N]","Trial 5",119.306077633891
"854","SHORT","P17","D2","Net Peak Vertical Force [N]","Trial 1",1352.97159890402
"855","SHORT","P17","D2","Net Peak Vertical Force [N]","Trial 2",1509.6325150047
"856","SHORT","P2","D2","Net Peak Vertical Force [N]","Trial 3",1302.5845582427
"857","SHORT","P18","D2","Net Peak Vertical Force [N]","Trial 4",1506.90195913911
"858","SHORT","P9","D2","Net Peak Vertical Force [N]","Trial 5",1529.76232481329
"859","TRAD","P17","D2","Net Force at 100ms [N]","Trial 1",153.680109376088
"860","TRAD","P4","D2","Net Force at 100ms [N]","Trial 2",312.150971343741
"861","TRAD","P31","D2","Net Force at 100ms [N]","Trial 3",401.24963302277
"862","TRAD","P25","D2","Net Peak Vertical Force [N]","Trial 1",1010.13264154689
"863","TRAD","P1","D2","Net Peak Vertical Force [N]","Trial 2",1133.15320540881
"864","TRAD","P16","D2","Net Peak Vertical Force [N]","Trial 3",1312.6631582283
"865","SHORT","P26","D1","Net Force at 100ms [N]","Trial 1",441.029477857053
"866","SHORT","P5","D1","Net Force at 100ms [N]","Trial 2",668.0480898018
"867","SHORT","P14","D1","Net Force at 100ms [N]","Trial 3",619.229696728289
"868","SHORT","P32","D1","Net Force at 100ms [N]","Trial 4",655.547625872959
"869","SHORT","P28","D1","Net Force at 100ms [N]","Trial 5",449.712881961837
"870","SHORT","P24","D1","Net Peak Vertical Force [N]","Trial 1",1315.68889441984
"871","SHORT","P14","D1","Net Peak Vertical Force [N]","Trial 2",1383.50827100454
"872","SHORT","P14","D1","Net Peak Vertical Force [N]","Trial 3",1446.08957987786
"873","SHORT","P15","D1","Net Peak Vertical Force [N]","Trial 4",1392.47172502745
"874","SHORT","P7","D1","Net Peak Vertical Force [N]","Trial 5",1529.26603402663
"875","TRAD","P16","D1","Net Force at 100ms [N]","Trial 1",350.777057125652
"876","TRAD","P13","D1","Net Force at 100ms [N]","Trial 2",348.932463573059
"877","TRAD","P18","D1","Net Force at 100ms [N]","Trial 3",426.430418564472
"878","TRAD","P18","D1","Net Peak Vertical Force [N]","Trial 1",1350.5050055366
"879","TRAD","P22","D1","Net Peak Vertical Force [N]","Trial 2",1177.38971218537
"880","TRAD","P5","D1","Net Peak Vertical Force [N]","Trial 3",1223.6228208459
"881","SHORT","P20","D2","Net Force at 100ms [N]","Trial 1",269.725048406981
"882","SHORT","P18","D2","Net Force at 100ms [N]","Trial 2",424.461939497665
"883","SHORT","P21","D2","Net Force at 100ms [N]","Trial 3",416.043429757049
"884","SHORT","P21","D2","Net Force at 100ms [N]","Trial 4",560.952869666554
"885","SHORT","P8","D2","Net Force at 100ms [N]","Trial 5",626.611636759713
"886","SHORT","P9","D2","Net Peak Vertical Force [N]","Trial 1",1114.15202623056
"887","SHORT","P6","D2","Net Peak Vertical Force [N]","Trial 2",1283.52845892305
"888","SHORT","P11","D2","Net Peak Vertical Force [N]","Trial 3",1403.18623408461
"889","SHORT","P26","D2","Net Peak Vertical Force [N]","Trial 4",1359.55949728265
"890","SHORT","P26","D2","Net Peak Vertical Force [N]","Trial 5",1267.4554028511
"891","TRAD","P26","D2","Net Force at 100ms [N]","Trial 1",311.949180342816
"892","TRAD","P24","D2","Net Force at 100ms [N]","Trial 2",301.050930085173
"893","TRAD","P16","D2","Net Force at 100ms [N]","Trial 3",303.022245381027
"894","TRAD","P30","D2","Net Peak Vertical Force [N]","Trial 1",1270.32997480519
"895","TRAD","P8","D2","Net Peak Vertical Force [N]","Trial 2",1199.04977098014
"896","TRAD","P18","D2","Net Peak Vertical Force [N]","Trial 3",1208.10365992654
"897","SHORT","P28","D1","Net Force at 100ms [N]","Trial 1",591.406696984172
"898","SHORT","P4","D1","Net Force at 100ms [N]","Trial 2",263.445643618051
"899","SHORT","P9","D1","Net Force at 100ms [N]","Trial 3",293.643564992119
"900","SHORT","P2","D1","Net Force at 100ms [N]","Trial 4",412.484084188938
"901","SHORT","P11","D1","Net Force at 100ms [N]","Trial 5",205.400013532955
"902","SHORT","P12","D1","Net Peak Vertical Force [N]","Trial 1",1444.14786578966
"903","SHORT","P1","D1","Net Peak Vertical Force [N]","Trial 2",1329.11132081919
"904","SHORT","P7","D1","Net Peak Vertical Force [N]","Trial 3",1570.7736834811
"905","SHORT","P26","D1","Net Peak Vertical Force [N]","Trial 4",1554.38999804673
"906","SHORT","P2","D1","Net Peak Vertical Force [N]","Trial 5",1413.18977930974
"907","TRAD","P2","D1","Net Force at 100ms [N]","Trial 1",249.994874969311
"908","TRAD","P15","D1","Net Force at 100ms [N]","Trial 2",451.980397760961
"909","TRAD","P28","D1","Net Force at 100ms [N]","Trial 3",323.211898875609
"910","TRAD","P2","D1","Net Peak Vertical Force [N]","Trial 1",1475.99278343506
"911","TRAD","P29","D1","Net Peak Vertical Force [N]","Trial 2",1732.2747306047
"912","TRAD","P16","D1","Net Peak Vertical Force [N]","Trial 3",1487.74552458897
"913","SHORT","P26","D2","Net Force at 100ms [N]","Trial 1",624.752377352025
"914","SHORT","P20","D2","Net Force at 100ms [N]","Trial 2",534.296632884163
"915","SHORT","P7","D2","Net Force at 100ms [N]","Trial 3",180.925705969334
"916","SHORT","P31","D2","Net Force at 100ms [N]","Trial 4",424.072320069652
"917","SHORT","P20","D2","Net Force at 100ms [N]","Trial 5",543.108137538098
"918","SHORT","P10","D2","Net Peak Vertical Force [N]","Trial 1",1626.38286096454
"919","SHORT","P12","D2","Net Peak Vertical Force [N]","Trial 2",1430.15291906409
"920","SHORT","P27","D2","Net Peak Vertical Force [N]","Trial 3",1280.85192615911
"921","SHORT","P20","D2","Net Peak Vertical Force [N]","Trial 4",1404.19241327997
"922","SHORT","P21","D2","Net Peak Vertical Force [N]","Trial 5",1431.83108627689
"923","TRAD","P22","D2","Net Force at 100ms [N]","Trial 1",386.953133768169
"924","TRAD","P6","D2","Net Force at 100ms [N]","Trial 2",105.864258329384
"925","TRAD","P6","D2","Net Force at 100ms [N]","Trial 3",98.1937290497124
"926","TRAD","P15","D2","Net Peak Vertical Force [N]","Trial 1",1357.66943125986
"927","TRAD","P23","D2","Net Peak Vertical Force [N]","Trial 2",1596.18920374187
"928","TRAD","P27","D2","Net Peak Vertical Force [N]","Trial 3",1461.34570816904
"929","SHORT","P23","D1","Net Force at 100ms [N]","Trial 1",314.569932122994
"930","SHORT","P23","D1","Net Force at 100ms [N]","Trial 2",592.221315197647
"931","SHORT","P12","D1","Net Force at 100ms [N]","Trial 3",551.118160215625
"932","SHORT","P13","D1","Net Force at 100ms [N]","Trial 4",982.490613928763
"933","SHORT","P15","D1","Net Force at 100ms [N]","Trial 5",1121.51454315102
"934","SHORT","P28","D1","Net Peak Vertical Force [N]","Trial 1",2302.62512642331
"935","SHORT","P9","D1","Net Peak Vertical Force [N]","Trial 2",2773.83819818255
"936","SHORT","P30","D1","Net Peak Vertical Force [N]","Trial 3",2639.14402268808
"937","SHORT","P13","D1","Net Peak Vertical Force [N]","Trial 4",2888.25786839519
"938","SHORT","P23","D1","Net Peak Vertical Force [N]","Trial 5",2725.55715427129
"939","TRAD","P25","D1","Net Force at 100ms [N]","Trial 1",581.118810232915
"940","TRAD","P23","D1","Net Force at 100ms [N]","Trial 2",652.883438221505
"941","TRAD","P8","D1","Net Force at 100ms [N]","Trial 3",444.321681040339
"942","TRAD","P19","D1","Net Peak Vertical Force [N]","Trial 1",3820.14963424299
"943","TRAD","P10","D1","Net Peak Vertical Force [N]","Trial 2",2911.02664674623
"944","TRAD","P17","D1","Net Peak Vertical Force [N]","Trial 3",3630.83151996732
"945","SHORT","P17","D2","Net Force at 100ms [N]","Trial 1",267.630915791495
"946","SHORT","P7","D2","Net Force at 100ms [N]","Trial 2",517.31490092813
"947","SHORT","P11","D2","Net Force at 100ms [N]","Trial 3",690.189323126106
"948","SHORT","P14","D2","Net Force at 100ms [N]","Trial 4",521.123937972821
"949","SHORT","P7","D2","Net Force at 100ms [N]","Trial 5",840.194750454556
"950","SHORT","P29","D2","Net Peak Vertical Force [N]","Trial 1",2487.14789464176
"951","SHORT","P28","D2","Net Peak Vertical Force [N]","Trial 2",2773.84413928189
"952","SHORT","P12","D2","Net Peak Vertical Force [N]","Trial 3",2750.79411543673
"953","SHORT","P26","D2","Net Peak Vertical Force [N]","Trial 4",2877.68808154464
"954","SHORT","P30","D2","Net Peak Vertical Force [N]","Trial 5",2558.06000300255
"955","TRAD","P12","D2","Net Force at 100ms [N]","Trial 1",605.446264076978
"956","TRAD","P22","D2","Net Force at 100ms [N]","Trial 2",706.501870174799
"957","TRAD","P8","D2","Net Force at 100ms [N]","Trial 3",538.543302137498
"958","TRAD","P24","D2","Net Peak Vertical Force [N]","Trial 1",3202.79772057538
"959","TRAD","P21","D2","Net Peak Vertical Force [N]","Trial 2",3060.44330146872
"960","TRAD","P6","D2","Net Peak Vertical Force [N]","Trial 3",3438.53407660201
"961","SHORT","P4","D1","Net Force at 100ms [N]","Trial 1",360.730567252683
"962","SHORT","P19","D1","Net Force at 100ms [N]","Trial 2",274.64839994926
"963","SHORT","P5","D1","Net Force at 100ms [N]","Trial 3",234.719864808395
"964","SHORT","P32","D1","Net Force at 100ms [N]","Trial 4",308.245930136181
"965","SHORT","P16","D1","Net Force at 100ms [N]","Trial 5",230.634309701063
"966","SHORT","P24","D1","Net Peak Vertical Force [N]","Trial 1",1279.63874483965
"967","SHORT","P20","D1","Net Peak Vertical Force [N]","Trial 2",1288.38757312596
"968","SHORT","P31","D1","Net Peak Vertical Force [N]","Trial 3",1393.22468419047
"969","SHORT","P29","D1","Net Peak Vertical Force [N]","Trial 4",1242.40715192668
"970","SHORT","P3","D1","Net Peak Vertical Force [N]","Trial 5",1265.08186722128
"971","TRAD","P10","D1","Net Force at 100ms [N]","Trial 1",297.757205145806
"972","TRAD","P17","D1","Net Force at 100ms [N]","Trial 2",276.14687666297
"973","TRAD","P16","D1","Net Force at 100ms [N]","Trial 3",381.526837236527
"974","TRAD","P6","D1","Net Peak Vertical Force [N]","Trial 1",1805.5587667672
"975","TRAD","P25","D1","Net Peak Vertical Force [N]","Trial 2",1907.89114997908
"976","TRAD","P23","D1","Net Peak Vertical Force [N]","Trial 3",2035.2439301583
"977","SHORT","P11","D2","Net Force at 100ms [N]","Trial 1",260.737634091638
"978","SHORT","P11","D2","Net Force at 100ms [N]","Trial 2",218.276982451743
"979","SHORT","P25","D2","Net Force at 100ms [N]","Trial 3",230.454493710492
"980","SHORT","P3","D2","Net Force at 100ms [N]","Trial 4",232.589082780294
"981","SHORT","P13","D2","Net Force at 100ms [N]","Trial 5",370.252992969751
"982","SHORT","P25","D2","Net Peak Vertical Force [N]","Trial 1",1490.05397135839
"983","SHORT","P11","D2","Net Peak Vertical Force [N]","Trial 2",1310.56202072315
"984","SHORT","P12","D2","Net Peak Vertical Force [N]","Trial 3",1177.9758891738
"985","SHORT","P24","D2","Net Peak Vertical Force [N]","Trial 4",1379.71492518596
"986","SHORT","P21","D2","Net Peak Vertical Force [N]","Trial 5",1328.96897670999
"987","TRAD","P14","D2","Net Force at 100ms [N]","Trial 1",341.356441454403
"988","TRAD","P23","D2","Net Force at 100ms [N]","Trial 2",363.984851491638
"989","TRAD","P22","D2","Net Force at 100ms [N]","Trial 3",291.901922004204
"990","TRAD","P31","D2","Net Peak Vertical Force [N]","Trial 1",1855.75824926109
"991","TRAD","P15","D2","Net Peak Vertical Force [N]","Trial 2",1636.06278319731
"992","TRAD","P30","D2","Net Peak Vertical Force [N]","Trial 3",1842.76725377049
"993","SHORT","P19","D1","Net Force at 100ms [N]","Trial 1",564.888913341612
"994","SHORT","P1","D1","Net Force at 100ms [N]","Trial 2",570.006359233102
"995","SHORT","P13","D1","Net Force at 100ms [N]","Trial 3",473.802332168911
"996","SHORT","P10","D1","Net Force at 100ms [N]","Trial 4",707.752238088613
"997","SHORT","P29","D1","Net Force at 100ms [N]","Trial 5",628.917991160229
"998","SHORT","P16","D1","Net Peak Vertical Force [N]","Trial 1",1569.46561151482
"999","SHORT","P27","D1","Net Peak Vertical Force [N]","Trial 2",1651.32259361297
"1000","SHORT","P26","D1","Net Peak Vertical Force [N]","Trial 3",1630.14985739719
"1001","SHORT","P2","D1","Net Peak Vertical Force [N]","Trial 4",1844.9458721451
"1002","SHORT","P9","D1","Net Peak Vertical Force [N]","Trial 5",1709.94909894699
"1003","TRAD","P27","D1","Net Force at 100ms [N]","Trial 1",351.058524878696
"1004","TRAD","P17","D1","Net Force at 100ms [N]","Trial 2",365.871578977862
"1005","TRAD","P4","D1","Net Force at 100ms [N]","Trial 3",475.375678767916
"1006","TRAD","P1","D1","Net Peak Vertical Force [N]","Trial 1",1388.67410071492
"1007","TRAD","P8","D1","Net Peak Vertical Force [N]","Trial 2",1356.04941604133
"1008","TRAD","P6","D1","Net Peak Vertical Force [N]","Trial 3",1545.94113905169
"1009","SHORT","P19","D2","Net Force at 100ms [N]","Trial 1",430.765803403035
"1010","SHORT","P22","D2","Net Force at 100ms [N]","Trial 2",451.920946763456
"1011","SHORT","P16","D2","Net Force at 100ms [N]","Trial 3",628.810336982785
"1012","SHORT","P26","D2","Net Force at 100ms [N]","Trial 4",526.332207205938
"1013","SHORT","P20","D2","Net Force at 100ms [N]","Trial 5",333.109279137105
"1014","SHORT","P18","D2","Net Peak Vertical Force [N]","Trial 1",1404.01912788567
"1015","SHORT","P25","D2","Net Peak Vertical Force [N]","Trial 2",1442.23290352835
"1016","SHORT","P30","D2","Net Peak Vertical Force [N]","Trial 3",1462.03678637492
"1017","SHORT","P11","D2","Net Peak Vertical Force [N]","Trial 4",1545.5530910166
"1018","SHORT","P26","D2","Net Peak Vertical Force [N]","Trial 5",1382.77094489113
"1019","TRAD","P2","D2","Net Force at 100ms [N]","Trial 1",518.350287954323
"1020","TRAD","P9","D2","Net Force at 100ms [N]","Trial 2",551.59156579664
"1021","TRAD","P10","D2","Net Force at 100ms [N]","Trial 3",589.931326375809
"1022","TRAD","P23","D2","Net Peak Vertical Force [N]","Trial 1",1394.61321056793
"1023","TRAD","P11","D2","Net Peak Vertical Force [N]","Trial 2",1472.33022077777
"1024","TRAD","P17","D2","Net Peak Vertical Force [N]","Trial 3",1460.02068101987
